[26-Feb-2026 14:25:16 UTC] PHP Fatal error:  Allowed memory size of 536870912 bytes exhausted (tried to allocate 585728 bytes) in F:\xampp\htdocs\wp_c\businessdemo\wp-includes\class-wpdb.php on line 2322
[26-Feb-2026 14:25:23 UTC] PHP Fatal error:  Allowed memory size of 536870912 bytes exhausted (tried to allocate 585728 bytes) in F:\xampp\htdocs\wp_c\businessdemo\wp-includes\class-wpdb.php on line 2322
[26-Feb-2026 14:43:01 UTC] PHP Fatal error:  Allowed memory size of 536870912 bytes exhausted (tried to allocate 585728 bytes) in F:\xampp\htdocs\wp_c\businessdemo\wp-includes\class-wpdb.php on line 2322
[26-Feb-2026 14:43:14 UTC] PHP Fatal error:  Allowed memory size of 536870912 bytes exhausted (tried to allocate 585728 bytes) in F:\xampp\htdocs\wp_c\businessdemo\wp-includes\class-wpdb.php on line 2322
[26-Feb-2026 14:43:30 UTC] PHP Fatal error:  Allowed memory size of 536870912 bytes exhausted (tried to allocate 585728 bytes) in F:\xampp\htdocs\wp_c\businessdemo\wp-includes\class-wpdb.php on line 2322
[26-Feb-2026 14:43:42 UTC] PHP Fatal error:  Allowed memory size of 536870912 bytes exhausted (tried to allocate 585728 bytes) in F:\xampp\htdocs\wp_c\businessdemo\wp-includes\class-wpdb.php on line 2322
[26-Feb-2026 14:43:54 UTC] PHP Fatal error:  Allowed memory size of 536870912 bytes exhausted (tried to allocate 585728 bytes) in F:\xampp\htdocs\wp_c\businessdemo\wp-includes\class-wpdb.php on line 2322
[26-Feb-2026 14:44:18 UTC] PHP Fatal error:  Allowed memory size of 536870912 bytes exhausted (tried to allocate 585728 bytes) in F:\xampp\htdocs\wp_c\businessdemo\wp-includes\class-wpdb.php on line 2322
[26-Feb-2026 19:34:47 UTC] PHP Fatal error:  Maximum execution time of 120 seconds exceeded in F:\xampp\htdocs\wp_c\businessdemo\wp-content\plugins\pro-elements\modules\display-conditions\classes\comparator-provider.php on line 4
[26-Feb-2026 19:37:01 UTC] PHP Fatal error:  Allowed memory size of 536870912 bytes exhausted (tried to allocate 585728 bytes) in F:\xampp\htdocs\wp_c\businessdemo\wp-includes\class-wpdb.php on line 2322
[26-Feb-2026 19:37:11 UTC] PHP Fatal error:  Allowed memory size of 536870912 bytes exhausted (tried to allocate 585728 bytes) in F:\xampp\htdocs\wp_c\businessdemo\wp-includes\class-wpdb.php on line 2322
[26-Feb-2026 19:37:23 UTC] PHP Fatal error:  Allowed memory size of 536870912 bytes exhausted (tried to allocate 585728 bytes) in F:\xampp\htdocs\wp_c\businessdemo\wp-includes\class-wpdb.php on line 2322
[26-Feb-2026 19:40:28 UTC] PHP Fatal error:  Allowed memory size of 536870912 bytes exhausted (tried to allocate 585728 bytes) in F:\xampp\htdocs\wp_c\businessdemo\wp-includes\class-wpdb.php on line 2322
[26-Feb-2026 19:40:39 UTC] PHP Fatal error:  Allowed memory size of 536870912 bytes exhausted (tried to allocate 585728 bytes) in F:\xampp\htdocs\wp_c\businessdemo\wp-includes\class-wpdb.php on line 2322
[26-Feb-2026 19:42:16 UTC] PHP Fatal error:  Allowed memory size of 536870912 bytes exhausted (tried to allocate 585728 bytes) in F:\xampp\htdocs\wp_c\businessdemo\wp-includes\class-wpdb.php on line 2322
[26-Feb-2026 21:55:38 UTC] PHP Warning:  Trying to access array offset on value of type bool in F:\xampp\htdocs\wp_c\businessdemo\wp-content\plugins\elementor\includes\managers\image.php on line 113
[26-Feb-2026 21:55:38 UTC] PHP Warning:  Trying to access array offset on value of type bool in F:\xampp\htdocs\wp_c\businessdemo\wp-content\plugins\elementor\includes\managers\image.php on line 113
[26-Feb-2026 21:55:38 UTC] PHP Warning:  Trying to access array offset on value of type bool in F:\xampp\htdocs\wp_c\businessdemo\wp-content\plugins\elementor\includes\managers\image.php on line 113
[26-Feb-2026 21:55:38 UTC] PHP Warning:  Trying to access array offset on value of type bool in F:\xampp\htdocs\wp_c\businessdemo\wp-content\plugins\elementor\includes\managers\image.php on line 113
[26-Feb-2026 21:55:38 UTC] PHP Warning:  Trying to access array offset on value of type bool in F:\xampp\htdocs\wp_c\businessdemo\wp-content\plugins\elementor\includes\managers\image.php on line 113
[26-Feb-2026 21:55:38 UTC] PHP Warning:  Trying to access array offset on value of type bool in F:\xampp\htdocs\wp_c\businessdemo\wp-content\plugins\elementor\includes\managers\image.php on line 113
[26-Feb-2026 21:55:38 UTC] PHP Warning:  Trying to access array offset on value of type bool in F:\xampp\htdocs\wp_c\businessdemo\wp-content\plugins\elementor\includes\managers\image.php on line 113
[26-Feb-2026 21:55:38 UTC] PHP Warning:  Trying to access array offset on value of type bool in F:\xampp\htdocs\wp_c\businessdemo\wp-content\plugins\elementor\includes\managers\image.php on line 113
[26-Feb-2026 21:55:38 UTC] PHP Warning:  Trying to access array offset on value of type bool in F:\xampp\htdocs\wp_c\businessdemo\wp-content\plugins\elementor\includes\managers\image.php on line 113
[26-Feb-2026 21:55:38 UTC] PHP Warning:  Trying to access array offset on value of type bool in F:\xampp\htdocs\wp_c\businessdemo\wp-content\plugins\elementor\includes\managers\image.php on line 113
[26-Feb-2026 21:55:38 UTC] PHP Warning:  Trying to access array offset on value of type bool in F:\xampp\htdocs\wp_c\businessdemo\wp-content\plugins\elementor\includes\managers\image.php on line 113
[26-Feb-2026 21:55:38 UTC] PHP Warning:  Trying to access array offset on value of type bool in F:\xampp\htdocs\wp_c\businessdemo\wp-content\plugins\elementor\includes\managers\image.php on line 113
[26-Feb-2026 21:55:38 UTC] PHP Warning:  Trying to access array offset on value of type bool in F:\xampp\htdocs\wp_c\businessdemo\wp-content\plugins\elementor\includes\managers\image.php on line 113
[26-Feb-2026 21:55:38 UTC] PHP Warning:  Trying to access array offset on value of type bool in F:\xampp\htdocs\wp_c\businessdemo\wp-content\plugins\elementor\includes\managers\image.php on line 113
[26-Feb-2026 21:55:38 UTC] PHP Warning:  Trying to access array offset on value of type bool in F:\xampp\htdocs\wp_c\businessdemo\wp-content\plugins\elementor\includes\managers\image.php on line 113
[26-Feb-2026 21:55:38 UTC] PHP Warning:  Trying to access array offset on value of type bool in F:\xampp\htdocs\wp_c\businessdemo\wp-content\plugins\elementor\includes\managers\image.php on line 113
[26-Feb-2026 21:55:38 UTC] PHP Warning:  Trying to access array offset on value of type bool in F:\xampp\htdocs\wp_c\businessdemo\wp-content\plugins\elementor\includes\managers\image.php on line 113
[26-Feb-2026 21:55:38 UTC] PHP Warning:  Trying to access array offset on value of type bool in F:\xampp\htdocs\wp_c\businessdemo\wp-content\plugins\elementor\includes\managers\image.php on line 113
[26-Feb-2026 21:55:38 UTC] PHP Warning:  Trying to access array offset on value of type bool in F:\xampp\htdocs\wp_c\businessdemo\wp-content\plugins\elementor\includes\managers\image.php on line 113
[26-Feb-2026 21:55:38 UTC] PHP Warning:  Trying to access array offset on value of type bool in F:\xampp\htdocs\wp_c\businessdemo\wp-content\plugins\elementor\includes\managers\image.php on line 113
[26-Feb-2026 21:55:38 UTC] PHP Warning:  Trying to access array offset on value of type bool in F:\xampp\htdocs\wp_c\businessdemo\wp-content\plugins\elementor\includes\managers\image.php on line 113
[26-Feb-2026 21:55:38 UTC] PHP Warning:  Trying to access array offset on value of type bool in F:\xampp\htdocs\wp_c\businessdemo\wp-content\plugins\elementor\includes\managers\image.php on line 113
[26-Feb-2026 21:55:38 UTC] PHP Warning:  Trying to access array offset on value of type bool in F:\xampp\htdocs\wp_c\businessdemo\wp-content\plugins\elementor\includes\managers\image.php on line 113
[26-Feb-2026 21:55:38 UTC] PHP Warning:  Trying to access array offset on value of type bool in F:\xampp\htdocs\wp_c\businessdemo\wp-content\plugins\elementor\includes\managers\image.php on line 113
[26-Feb-2026 21:55:38 UTC] PHP Warning:  Trying to access array offset on value of type bool in F:\xampp\htdocs\wp_c\businessdemo\wp-content\plugins\elementor\includes\managers\image.php on line 113
[26-Feb-2026 21:55:38 UTC] PHP Warning:  Trying to access array offset on value of type bool in F:\xampp\htdocs\wp_c\businessdemo\wp-content\plugins\elementor\includes\managers\image.php on line 113
[26-Feb-2026 21:55:38 UTC] PHP Warning:  Trying to access array offset on value of type bool in F:\xampp\htdocs\wp_c\businessdemo\wp-content\plugins\elementor\includes\managers\image.php on line 113
[26-Feb-2026 21:55:38 UTC] PHP Warning:  Trying to access array offset on value of type bool in F:\xampp\htdocs\wp_c\businessdemo\wp-content\plugins\elementor\includes\managers\image.php on line 113
[26-Feb-2026 21:55:38 UTC] PHP Warning:  Trying to access array offset on value of type bool in F:\xampp\htdocs\wp_c\businessdemo\wp-content\plugins\elementor\includes\managers\image.php on line 113
[26-Feb-2026 21:55:38 UTC] PHP Warning:  Trying to access array offset on value of type bool in F:\xampp\htdocs\wp_c\businessdemo\wp-content\plugins\elementor\includes\managers\image.php on line 113
[26-Feb-2026 21:55:38 UTC] PHP Warning:  Trying to access array offset on value of type bool in F:\xampp\htdocs\wp_c\businessdemo\wp-content\plugins\elementor\includes\managers\image.php on line 113
[26-Feb-2026 21:55:38 UTC] PHP Warning:  Trying to access array offset on value of type bool in F:\xampp\htdocs\wp_c\businessdemo\wp-content\plugins\elementor\includes\managers\image.php on line 113
[26-Feb-2026 21:55:38 UTC] PHP Warning:  Trying to access array offset on value of type bool in F:\xampp\htdocs\wp_c\businessdemo\wp-content\plugins\elementor\includes\managers\image.php on line 113
[26-Feb-2026 21:55:38 UTC] PHP Warning:  Trying to access array offset on value of type bool in F:\xampp\htdocs\wp_c\businessdemo\wp-content\plugins\elementor\includes\managers\image.php on line 113
[26-Feb-2026 21:55:38 UTC] PHP Warning:  Trying to access array offset on value of type bool in F:\xampp\htdocs\wp_c\businessdemo\wp-content\plugins\elementor\includes\managers\image.php on line 113
[26-Feb-2026 21:55:38 UTC] PHP Warning:  Trying to access array offset on value of type bool in F:\xampp\htdocs\wp_c\businessdemo\wp-content\plugins\elementor\includes\managers\image.php on line 113
[26-Feb-2026 21:55:38 UTC] PHP Warning:  Trying to access array offset on value of type bool in F:\xampp\htdocs\wp_c\businessdemo\wp-content\plugins\elementor\includes\managers\image.php on line 113
[26-Feb-2026 21:55:38 UTC] PHP Warning:  Trying to access array offset on value of type bool in F:\xampp\htdocs\wp_c\businessdemo\wp-content\plugins\elementor\includes\managers\image.php on line 113
[26-Feb-2026 21:55:38 UTC] PHP Warning:  Trying to access array offset on value of type bool in F:\xampp\htdocs\wp_c\businessdemo\wp-content\plugins\elementor\includes\managers\image.php on line 113
[26-Feb-2026 21:55:38 UTC] PHP Warning:  Trying to access array offset on value of type bool in F:\xampp\htdocs\wp_c\businessdemo\wp-content\plugins\elementor\includes\managers\image.php on line 113
[26-Feb-2026 21:55:38 UTC] PHP Warning:  Trying to access array offset on value of type bool in F:\xampp\htdocs\wp_c\businessdemo\wp-content\plugins\elementor\includes\managers\image.php on line 113
[26-Feb-2026 21:55:38 UTC] PHP Warning:  Trying to access array offset on value of type bool in F:\xampp\htdocs\wp_c\businessdemo\wp-content\plugins\elementor\includes\managers\image.php on line 113
[26-Feb-2026 21:55:38 UTC] PHP Warning:  Trying to access array offset on value of type bool in F:\xampp\htdocs\wp_c\businessdemo\wp-content\plugins\elementor\includes\managers\image.php on line 113
[26-Feb-2026 21:55:38 UTC] PHP Warning:  Trying to access array offset on value of type bool in F:\xampp\htdocs\wp_c\businessdemo\wp-content\plugins\elementor\includes\managers\image.php on line 113
[26-Feb-2026 21:55:38 UTC] PHP Warning:  Trying to access array offset on value of type bool in F:\xampp\htdocs\wp_c\businessdemo\wp-content\plugins\elementor\includes\managers\image.php on line 113
[26-Feb-2026 21:55:38 UTC] PHP Warning:  Trying to access array offset on value of type bool in F:\xampp\htdocs\wp_c\businessdemo\wp-content\plugins\elementor\includes\managers\image.php on line 113
[26-Feb-2026 21:55:38 UTC] PHP Warning:  Trying to access array offset on value of type bool in F:\xampp\htdocs\wp_c\businessdemo\wp-content\plugins\elementor\includes\managers\image.php on line 113
[26-Feb-2026 21:55:38 UTC] PHP Warning:  Trying to access array offset on value of type bool in F:\xampp\htdocs\wp_c\businessdemo\wp-content\plugins\elementor\includes\managers\image.php on line 113
[26-Feb-2026 21:55:38 UTC] PHP Warning:  Trying to access array offset on value of type bool in F:\xampp\htdocs\wp_c\businessdemo\wp-content\plugins\elementor\includes\managers\image.php on line 113
[26-Feb-2026 21:55:38 UTC] PHP Warning:  Trying to access array offset on value of type bool in F:\xampp\htdocs\wp_c\businessdemo\wp-content\plugins\elementor\includes\managers\image.php on line 113
[26-Feb-2026 21:55:38 UTC] PHP Warning:  Trying to access array offset on value of type bool in F:\xampp\htdocs\wp_c\businessdemo\wp-content\plugins\elementor\includes\managers\image.php on line 113
[26-Feb-2026 21:55:38 UTC] PHP Warning:  Trying to access array offset on value of type bool in F:\xampp\htdocs\wp_c\businessdemo\wp-content\plugins\elementor\includes\managers\image.php on line 113
[26-Feb-2026 21:55:38 UTC] PHP Warning:  Trying to access array offset on value of type bool in F:\xampp\htdocs\wp_c\businessdemo\wp-content\plugins\elementor\includes\managers\image.php on line 113
[26-Feb-2026 21:55:38 UTC] PHP Warning:  Trying to access array offset on value of type bool in F:\xampp\htdocs\wp_c\businessdemo\wp-content\plugins\elementor\includes\managers\image.php on line 113
[26-Feb-2026 21:55:38 UTC] PHP Warning:  Trying to access array offset on value of type bool in F:\xampp\htdocs\wp_c\businessdemo\wp-content\plugins\elementor\includes\managers\image.php on line 113
[26-Feb-2026 21:55:38 UTC] PHP Warning:  Trying to access array offset on value of type bool in F:\xampp\htdocs\wp_c\businessdemo\wp-content\plugins\elementor\includes\managers\image.php on line 113
[26-Feb-2026 21:55:38 UTC] PHP Warning:  Trying to access array offset on value of type bool in F:\xampp\htdocs\wp_c\businessdemo\wp-content\plugins\elementor\includes\managers\image.php on line 113
[26-Feb-2026 21:55:38 UTC] PHP Warning:  Trying to access array offset on value of type bool in F:\xampp\htdocs\wp_c\businessdemo\wp-content\plugins\elementor\includes\managers\image.php on line 113
[26-Feb-2026 21:55:38 UTC] PHP Warning:  Trying to access array offset on value of type bool in F:\xampp\htdocs\wp_c\businessdemo\wp-content\plugins\elementor\includes\managers\image.php on line 113
[26-Feb-2026 21:55:38 UTC] PHP Warning:  Trying to access array offset on value of type bool in F:\xampp\htdocs\wp_c\businessdemo\wp-content\plugins\elementor\includes\managers\image.php on line 113
[26-Feb-2026 21:55:38 UTC] PHP Warning:  Trying to access array offset on value of type bool in F:\xampp\htdocs\wp_c\businessdemo\wp-content\plugins\elementor\includes\managers\image.php on line 113
[26-Feb-2026 21:55:38 UTC] PHP Warning:  Trying to access array offset on value of type bool in F:\xampp\htdocs\wp_c\businessdemo\wp-content\plugins\elementor\includes\managers\image.php on line 113
[26-Feb-2026 21:55:38 UTC] PHP Warning:  Trying to access array offset on value of type bool in F:\xampp\htdocs\wp_c\businessdemo\wp-content\plugins\elementor\includes\managers\image.php on line 113
[26-Feb-2026 21:55:38 UTC] PHP Warning:  Trying to access array offset on value of type bool in F:\xampp\htdocs\wp_c\businessdemo\wp-content\plugins\elementor\includes\managers\image.php on line 113
[26-Feb-2026 22:52:39 UTC] PHP Fatal error:  Allowed memory size of 536870912 bytes exhausted (tried to allocate 520192 bytes) in F:\xampp\htdocs\wp_c\businessdemo\wp-includes\class-wpdb.php on line 2322
[26-Feb-2026 22:52:57 UTC] PHP Fatal error:  Allowed memory size of 536870912 bytes exhausted (tried to allocate 520192 bytes) in F:\xampp\htdocs\wp_c\businessdemo\wp-includes\class-wpdb.php on line 2322
[26-Feb-2026 22:53:07 UTC] PHP Fatal error:  Allowed memory size of 536870912 bytes exhausted (tried to allocate 520192 bytes) in F:\xampp\htdocs\wp_c\businessdemo\wp-includes\class-wpdb.php on line 2322
[26-Feb-2026 22:53:54 UTC] PHP Fatal error:  Allowed memory size of 536870912 bytes exhausted (tried to allocate 520192 bytes) in F:\xampp\htdocs\wp_c\businessdemo\wp-includes\class-wpdb.php on line 2322
[26-Feb-2026 22:54:40 UTC] PHP Fatal error:  Allowed memory size of 536870912 bytes exhausted (tried to allocate 520192 bytes) in F:\xampp\htdocs\wp_c\businessdemo\wp-includes\class-wpdb.php on line 2322
[26-Feb-2026 23:02:23 UTC] PHP Fatal error:  Allowed memory size of 536870912 bytes exhausted (tried to allocate 520192 bytes) in F:\xampp\htdocs\wp_c\businessdemo\wp-includes\class-wpdb.php on line 2322
[26-Feb-2026 23:08:35 UTC] PHP Fatal error:  Allowed memory size of 536870912 bytes exhausted (tried to allocate 520192 bytes) in F:\xampp\htdocs\wp_c\businessdemo\wp-includes\class-wpdb.php on line 2322
[26-Feb-2026 23:13:27 UTC] PHP Fatal error:  Allowed memory size of 536870912 bytes exhausted (tried to allocate 520192 bytes) in F:\xampp\htdocs\wp_c\businessdemo\wp-includes\class-wpdb.php on line 2322
[26-Feb-2026 23:14:46 UTC] PHP Fatal error:  Allowed memory size of 536870912 bytes exhausted (tried to allocate 520192 bytes) in F:\xampp\htdocs\wp_c\businessdemo\wp-includes\class-wpdb.php on line 2322
[27-Feb-2026 12:07:42 UTC] Automatic updates starting...
[27-Feb-2026 12:07:43 UTC]   Automatic plugin updates starting...
[27-Feb-2026 12:07:43 UTC]   Automatic plugin updates complete.
[27-Feb-2026 12:07:45 UTC] Automatic updates complete.
[27-Feb-2026 14:23:23 UTC] Automatic updates starting...
[27-Feb-2026 14:23:28 UTC]   Automatic plugin updates starting...
[27-Feb-2026 14:23:28 UTC]   Automatic plugin updates complete.
[27-Feb-2026 14:23:30 UTC] Automatic updates complete.
[27-Feb-2026 14:26:11 UTC] PHP Warning:  Trying to access array offset on value of type bool in F:\xampp\htdocs\wp_c\businessdemo\wp-content\plugins\elementor\includes\managers\image.php on line 113
[27-Feb-2026 14:26:11 UTC] PHP Warning:  Trying to access array offset on value of type bool in F:\xampp\htdocs\wp_c\businessdemo\wp-content\plugins\elementor\includes\managers\image.php on line 113
[27-Feb-2026 14:26:11 UTC] PHP Warning:  Trying to access array offset on value of type bool in F:\xampp\htdocs\wp_c\businessdemo\wp-content\plugins\elementor\includes\managers\image.php on line 113
[27-Feb-2026 14:26:11 UTC] PHP Warning:  Trying to access array offset on value of type bool in F:\xampp\htdocs\wp_c\businessdemo\wp-content\plugins\elementor\includes\managers\image.php on line 113
[27-Feb-2026 14:26:11 UTC] PHP Warning:  Trying to access array offset on value of type bool in F:\xampp\htdocs\wp_c\businessdemo\wp-content\plugins\elementor\includes\managers\image.php on line 113
[27-Feb-2026 14:26:11 UTC] PHP Warning:  Trying to access array offset on value of type bool in F:\xampp\htdocs\wp_c\businessdemo\wp-content\plugins\elementor\includes\managers\image.php on line 113
[27-Feb-2026 14:26:11 UTC] PHP Warning:  Trying to access array offset on value of type bool in F:\xampp\htdocs\wp_c\businessdemo\wp-content\plugins\elementor\includes\managers\image.php on line 113
[27-Feb-2026 14:26:11 UTC] PHP Warning:  Trying to access array offset on value of type bool in F:\xampp\htdocs\wp_c\businessdemo\wp-content\plugins\elementor\includes\managers\image.php on line 113
[27-Feb-2026 14:26:11 UTC] PHP Warning:  Trying to access array offset on value of type bool in F:\xampp\htdocs\wp_c\businessdemo\wp-content\plugins\elementor\includes\managers\image.php on line 113
[27-Feb-2026 14:26:11 UTC] PHP Warning:  Trying to access array offset on value of type bool in F:\xampp\htdocs\wp_c\businessdemo\wp-content\plugins\elementor\includes\managers\image.php on line 113
[27-Feb-2026 14:26:11 UTC] PHP Warning:  Trying to access array offset on value of type bool in F:\xampp\htdocs\wp_c\businessdemo\wp-content\plugins\elementor\includes\managers\image.php on line 113
[27-Feb-2026 14:26:11 UTC] PHP Warning:  Trying to access array offset on value of type bool in F:\xampp\htdocs\wp_c\businessdemo\wp-content\plugins\elementor\includes\managers\image.php on line 113
[27-Feb-2026 14:26:11 UTC] PHP Warning:  Trying to access array offset on value of type bool in F:\xampp\htdocs\wp_c\businessdemo\wp-content\plugins\elementor\includes\managers\image.php on line 113
[27-Feb-2026 14:26:11 UTC] PHP Warning:  Trying to access array offset on value of type bool in F:\xampp\htdocs\wp_c\businessdemo\wp-content\plugins\elementor\includes\managers\image.php on line 113
[27-Feb-2026 14:26:11 UTC] PHP Warning:  Trying to access array offset on value of type bool in F:\xampp\htdocs\wp_c\businessdemo\wp-content\plugins\elementor\includes\managers\image.php on line 113
[27-Feb-2026 14:26:11 UTC] PHP Warning:  Trying to access array offset on value of type bool in F:\xampp\htdocs\wp_c\businessdemo\wp-content\plugins\elementor\includes\managers\image.php on line 113
[27-Feb-2026 14:26:11 UTC] PHP Warning:  Trying to access array offset on value of type bool in F:\xampp\htdocs\wp_c\businessdemo\wp-content\plugins\elementor\includes\managers\image.php on line 113
[27-Feb-2026 14:26:11 UTC] PHP Warning:  Trying to access array offset on value of type bool in F:\xampp\htdocs\wp_c\businessdemo\wp-content\plugins\elementor\includes\managers\image.php on line 113
[27-Feb-2026 14:26:11 UTC] PHP Warning:  Trying to access array offset on value of type bool in F:\xampp\htdocs\wp_c\businessdemo\wp-content\plugins\elementor\includes\managers\image.php on line 113
[27-Feb-2026 14:26:11 UTC] PHP Warning:  Trying to access array offset on value of type bool in F:\xampp\htdocs\wp_c\businessdemo\wp-content\plugins\elementor\includes\managers\image.php on line 113
[27-Feb-2026 14:26:11 UTC] PHP Warning:  Trying to access array offset on value of type bool in F:\xampp\htdocs\wp_c\businessdemo\wp-content\plugins\elementor\includes\managers\image.php on line 113
[27-Feb-2026 14:26:11 UTC] PHP Warning:  Trying to access array offset on value of type bool in F:\xampp\htdocs\wp_c\businessdemo\wp-content\plugins\elementor\includes\managers\image.php on line 113
[27-Feb-2026 14:26:11 UTC] PHP Warning:  Trying to access array offset on value of type bool in F:\xampp\htdocs\wp_c\businessdemo\wp-content\plugins\elementor\includes\managers\image.php on line 113
[27-Feb-2026 14:26:11 UTC] PHP Warning:  Trying to access array offset on value of type bool in F:\xampp\htdocs\wp_c\businessdemo\wp-content\plugins\elementor\includes\managers\image.php on line 113
[27-Feb-2026 14:26:11 UTC] PHP Warning:  Trying to access array offset on value of type bool in F:\xampp\htdocs\wp_c\businessdemo\wp-content\plugins\elementor\includes\managers\image.php on line 113
[27-Feb-2026 14:26:11 UTC] PHP Warning:  Trying to access array offset on value of type bool in F:\xampp\htdocs\wp_c\businessdemo\wp-content\plugins\elementor\includes\managers\image.php on line 113
[27-Feb-2026 14:26:11 UTC] PHP Warning:  Trying to access array offset on value of type bool in F:\xampp\htdocs\wp_c\businessdemo\wp-content\plugins\elementor\includes\managers\image.php on line 113
[27-Feb-2026 14:26:11 UTC] PHP Warning:  Trying to access array offset on value of type bool in F:\xampp\htdocs\wp_c\businessdemo\wp-content\plugins\elementor\includes\managers\image.php on line 113
[27-Feb-2026 14:26:12 UTC] PHP Warning:  Trying to access array offset on value of type bool in F:\xampp\htdocs\wp_c\businessdemo\wp-content\plugins\elementor\includes\managers\image.php on line 113
[27-Feb-2026 14:26:12 UTC] PHP Warning:  Trying to access array offset on value of type bool in F:\xampp\htdocs\wp_c\businessdemo\wp-content\plugins\elementor\includes\managers\image.php on line 113
[27-Feb-2026 14:26:12 UTC] PHP Warning:  Trying to access array offset on value of type bool in F:\xampp\htdocs\wp_c\businessdemo\wp-content\plugins\elementor\includes\managers\image.php on line 113
[27-Feb-2026 14:26:12 UTC] PHP Warning:  Trying to access array offset on value of type bool in F:\xampp\htdocs\wp_c\businessdemo\wp-content\plugins\elementor\includes\managers\image.php on line 113
[27-Feb-2026 14:26:12 UTC] PHP Warning:  Trying to access array offset on value of type bool in F:\xampp\htdocs\wp_c\businessdemo\wp-content\plugins\elementor\includes\managers\image.php on line 113
[27-Feb-2026 14:26:12 UTC] PHP Warning:  Trying to access array offset on value of type bool in F:\xampp\htdocs\wp_c\businessdemo\wp-content\plugins\elementor\includes\managers\image.php on line 113
[27-Feb-2026 14:26:12 UTC] PHP Warning:  Trying to access array offset on value of type bool in F:\xampp\htdocs\wp_c\businessdemo\wp-content\plugins\elementor\includes\managers\image.php on line 113
[27-Feb-2026 14:26:12 UTC] PHP Warning:  Trying to access array offset on value of type bool in F:\xampp\htdocs\wp_c\businessdemo\wp-content\plugins\elementor\includes\managers\image.php on line 113
[27-Feb-2026 14:26:12 UTC] PHP Warning:  Trying to access array offset on value of type bool in F:\xampp\htdocs\wp_c\businessdemo\wp-content\plugins\elementor\includes\managers\image.php on line 113
[27-Feb-2026 14:26:12 UTC] PHP Warning:  Trying to access array offset on value of type bool in F:\xampp\htdocs\wp_c\businessdemo\wp-content\plugins\elementor\includes\managers\image.php on line 113
[27-Feb-2026 14:26:12 UTC] PHP Warning:  Trying to access array offset on value of type bool in F:\xampp\htdocs\wp_c\businessdemo\wp-content\plugins\elementor\includes\managers\image.php on line 113
[27-Feb-2026 14:26:12 UTC] PHP Warning:  Trying to access array offset on value of type bool in F:\xampp\htdocs\wp_c\businessdemo\wp-content\plugins\elementor\includes\managers\image.php on line 113
[27-Feb-2026 14:26:12 UTC] PHP Warning:  Trying to access array offset on value of type bool in F:\xampp\htdocs\wp_c\businessdemo\wp-content\plugins\elementor\includes\managers\image.php on line 113
[27-Feb-2026 14:26:12 UTC] PHP Warning:  Trying to access array offset on value of type bool in F:\xampp\htdocs\wp_c\businessdemo\wp-content\plugins\elementor\includes\managers\image.php on line 113
[27-Feb-2026 14:26:12 UTC] PHP Warning:  Trying to access array offset on value of type bool in F:\xampp\htdocs\wp_c\businessdemo\wp-content\plugins\elementor\includes\managers\image.php on line 113
[27-Feb-2026 14:26:12 UTC] PHP Warning:  Trying to access array offset on value of type bool in F:\xampp\htdocs\wp_c\businessdemo\wp-content\plugins\elementor\includes\managers\image.php on line 113
[27-Feb-2026 14:26:12 UTC] PHP Warning:  Trying to access array offset on value of type bool in F:\xampp\htdocs\wp_c\businessdemo\wp-content\plugins\elementor\includes\managers\image.php on line 113
[27-Feb-2026 14:26:12 UTC] PHP Warning:  Trying to access array offset on value of type bool in F:\xampp\htdocs\wp_c\businessdemo\wp-content\plugins\elementor\includes\managers\image.php on line 113
[27-Feb-2026 14:26:12 UTC] PHP Warning:  Trying to access array offset on value of type bool in F:\xampp\htdocs\wp_c\businessdemo\wp-content\plugins\elementor\includes\managers\image.php on line 113
[27-Feb-2026 14:26:12 UTC] PHP Warning:  Trying to access array offset on value of type bool in F:\xampp\htdocs\wp_c\businessdemo\wp-content\plugins\elementor\includes\managers\image.php on line 113
[27-Feb-2026 14:26:12 UTC] PHP Warning:  Trying to access array offset on value of type bool in F:\xampp\htdocs\wp_c\businessdemo\wp-content\plugins\elementor\includes\managers\image.php on line 113
[27-Feb-2026 14:26:12 UTC] PHP Warning:  Trying to access array offset on value of type bool in F:\xampp\htdocs\wp_c\businessdemo\wp-content\plugins\elementor\includes\managers\image.php on line 113
[27-Feb-2026 14:26:12 UTC] PHP Warning:  Trying to access array offset on value of type bool in F:\xampp\htdocs\wp_c\businessdemo\wp-content\plugins\elementor\includes\managers\image.php on line 113
[27-Feb-2026 14:26:12 UTC] PHP Warning:  Trying to access array offset on value of type bool in F:\xampp\htdocs\wp_c\businessdemo\wp-content\plugins\elementor\includes\managers\image.php on line 113
[27-Feb-2026 14:26:12 UTC] PHP Warning:  Trying to access array offset on value of type bool in F:\xampp\htdocs\wp_c\businessdemo\wp-content\plugins\elementor\includes\managers\image.php on line 113
[27-Feb-2026 14:26:12 UTC] PHP Warning:  Trying to access array offset on value of type bool in F:\xampp\htdocs\wp_c\businessdemo\wp-content\plugins\elementor\includes\managers\image.php on line 113
[27-Feb-2026 14:26:12 UTC] PHP Warning:  Trying to access array offset on value of type bool in F:\xampp\htdocs\wp_c\businessdemo\wp-content\plugins\elementor\includes\managers\image.php on line 113
[27-Feb-2026 14:26:12 UTC] PHP Warning:  Trying to access array offset on value of type bool in F:\xampp\htdocs\wp_c\businessdemo\wp-content\plugins\elementor\includes\managers\image.php on line 113
[27-Feb-2026 14:26:12 UTC] PHP Warning:  Trying to access array offset on value of type bool in F:\xampp\htdocs\wp_c\businessdemo\wp-content\plugins\elementor\includes\managers\image.php on line 113
[27-Feb-2026 14:26:12 UTC] PHP Warning:  Trying to access array offset on value of type bool in F:\xampp\htdocs\wp_c\businessdemo\wp-content\plugins\elementor\includes\managers\image.php on line 113
[27-Feb-2026 14:26:12 UTC] PHP Warning:  Trying to access array offset on value of type bool in F:\xampp\htdocs\wp_c\businessdemo\wp-content\plugins\elementor\includes\managers\image.php on line 113
[27-Feb-2026 14:26:12 UTC] PHP Warning:  Trying to access array offset on value of type bool in F:\xampp\htdocs\wp_c\businessdemo\wp-content\plugins\elementor\includes\managers\image.php on line 113
[27-Feb-2026 14:26:12 UTC] PHP Warning:  Trying to access array offset on value of type bool in F:\xampp\htdocs\wp_c\businessdemo\wp-content\plugins\elementor\includes\managers\image.php on line 113
[27-Feb-2026 14:26:12 UTC] PHP Warning:  Trying to access array offset on value of type bool in F:\xampp\htdocs\wp_c\businessdemo\wp-content\plugins\elementor\includes\managers\image.php on line 113
[27-Feb-2026 14:26:12 UTC] PHP Warning:  Trying to access array offset on value of type bool in F:\xampp\htdocs\wp_c\businessdemo\wp-content\plugins\elementor\includes\managers\image.php on line 113
[27-Feb-2026 14:26:12 UTC] PHP Warning:  Trying to access array offset on value of type bool in F:\xampp\htdocs\wp_c\businessdemo\wp-content\plugins\elementor\includes\managers\image.php on line 113
[28-Feb-2026 03:45:00 UTC] PHP Warning:  wp_version_check(): An unexpected error occurred. Something may be wrong with WordPress.org or this server&#8217;s configuration. If you continue to have problems, please try the <a href="https://wordpress.org/support/forums/">support forums</a>. (WordPress could not establish a secure connection to WordPress.org. Please contact your server administrator.) in F:\xampp\htdocs\wp_c\businessdemo\wp-includes\functions.php on line 6121
[28-Feb-2026 03:45:00 UTC] PHP Warning:  wp_update_plugins(): An unexpected error occurred. Something may be wrong with WordPress.org or this server&#8217;s configuration. If you continue to have problems, please try the <a href="https://wordpress.org/support/forums/">support forums</a>. (WordPress could not establish a secure connection to WordPress.org. Please contact your server administrator.) in F:\xampp\htdocs\wp_c\businessdemo\wp-includes\functions.php on line 6121
[28-Feb-2026 03:45:00 UTC] PHP Warning:  wp_update_themes(): An unexpected error occurred. Something may be wrong with WordPress.org or this server&#8217;s configuration. If you continue to have problems, please try the <a href="https://wordpress.org/support/forums/">support forums</a>. (WordPress could not establish a secure connection to WordPress.org. Please contact your server administrator.) in F:\xampp\htdocs\wp_c\businessdemo\wp-includes\functions.php on line 6121
[28-Feb-2026 14:23:27 UTC] Automatic updates starting...
[28-Feb-2026 14:23:30 UTC]   Automatic plugin updates starting...
[28-Feb-2026 14:23:30 UTC]   Automatic plugin updates complete.
[28-Feb-2026 14:23:31 UTC] Automatic updates complete.
[01-Mar-2026 12:12:51 UTC] PHP Warning:  wp_version_check(): An unexpected error occurred. Something may be wrong with WordPress.org or this server&#8217;s configuration. If you continue to have problems, please try the <a href="https://wordpress.org/support/forums/">support forums</a>. (WordPress could not establish a secure connection to WordPress.org. Please contact your server administrator.) in F:\xampp\htdocs\wp_c\businessdemo\wp-includes\functions.php on line 6121
[01-Mar-2026 12:12:51 UTC] PHP Warning:  wp_update_plugins(): An unexpected error occurred. Something may be wrong with WordPress.org or this server&#8217;s configuration. If you continue to have problems, please try the <a href="https://wordpress.org/support/forums/">support forums</a>. (WordPress could not establish a secure connection to WordPress.org. Please contact your server administrator.) in F:\xampp\htdocs\wp_c\businessdemo\wp-includes\functions.php on line 6121
[01-Mar-2026 12:12:52 UTC] PHP Warning:  wp_update_themes(): An unexpected error occurred. Something may be wrong with WordPress.org or this server&#8217;s configuration. If you continue to have problems, please try the <a href="https://wordpress.org/support/forums/">support forums</a>. (WordPress could not establish a secure connection to WordPress.org. Please contact your server administrator.) in F:\xampp\htdocs\wp_c\businessdemo\wp-includes\functions.php on line 6121
[01-Mar-2026 13:59:52 UTC] PHP Fatal error:  Maximum execution time of 120 seconds exceeded in F:\xampp\htdocs\wp_c\businessdemo\wp-content\plugins\pro-elements\modules\theme-elements\widgets\post-info.php on line 12
[01-Mar-2026 14:00:02 UTC] PHP Fatal error:  Maximum execution time of 120 seconds exceeded in F:\xampp\htdocs\wp_c\businessdemo\wp-content\plugins\elementor\includes\controls\tabs.php on line 4
[01-Mar-2026 14:23:59 UTC] Automatic updates starting...
[01-Mar-2026 14:24:00 UTC]   Automatic plugin updates starting...
[01-Mar-2026 14:24:00 UTC]   Automatic plugin updates complete.
[01-Mar-2026 14:24:01 UTC] Automatic updates complete.
[01-Mar-2026 21:24:25 UTC] PHP Fatal error:  Allowed memory size of 536870912 bytes exhausted (tried to allocate 512000 bytes) in F:\xampp\htdocs\wp_c\businessdemo\wp-includes\class-wpdb.php on line 2322
[01-Mar-2026 21:25:13 UTC] PHP Fatal error:  Allowed memory size of 536870912 bytes exhausted (tried to allocate 512000 bytes) in F:\xampp\htdocs\wp_c\businessdemo\wp-includes\class-wpdb.php on line 2322
[01-Mar-2026 21:25:27 UTC] PHP Fatal error:  Allowed memory size of 536870912 bytes exhausted (tried to allocate 512000 bytes) in F:\xampp\htdocs\wp_c\businessdemo\wp-includes\class-wpdb.php on line 2322
[01-Mar-2026 21:26:01 UTC] PHP Warning:  wp_update_plugins(): An unexpected error occurred. Something may be wrong with WordPress.org or this server&#8217;s configuration. If you continue to have problems, please try the <a href="https://wordpress.org/support/forums/">support forums</a>. (WordPress could not establish a secure connection to WordPress.org. Please contact your server administrator.) in F:\xampp\htdocs\wp_c\businessdemo\wp-includes\functions.php on line 6121
[01-Mar-2026 21:26:02 UTC] PHP Warning:  plugins_api(): An unexpected error occurred. Something may be wrong with WordPress.org or this server&#8217;s configuration. If you continue to have problems, please try the <a href="https://wordpress.org/support/forums/">support forums</a>. (WordPress could not establish a secure connection to WordPress.org. Please contact your server administrator.) in F:\xampp\htdocs\wp_c\businessdemo\wp-includes\functions.php on line 6121
[01-Mar-2026 21:26:08 UTC] PHP Warning:  wp_update_plugins(): An unexpected error occurred. Something may be wrong with WordPress.org or this server&#8217;s configuration. If you continue to have problems, please try the <a href="https://wordpress.org/support/forums/">support forums</a>. (WordPress could not establish a secure connection to WordPress.org. Please contact your server administrator.) in F:\xampp\htdocs\wp_c\businessdemo\wp-includes\functions.php on line 6121
[01-Mar-2026 21:26:08 UTC] PHP Warning:  plugins_api(): An unexpected error occurred. Something may be wrong with WordPress.org or this server&#8217;s configuration. If you continue to have problems, please try the <a href="https://wordpress.org/support/forums/">support forums</a>. (WordPress could not establish a secure connection to WordPress.org. Please contact your server administrator.) in F:\xampp\htdocs\wp_c\businessdemo\wp-includes\functions.php on line 6121
[01-Mar-2026 21:26:12 UTC] PHP Warning:  wp_update_plugins(): An unexpected error occurred. Something may be wrong with WordPress.org or this server&#8217;s configuration. If you continue to have problems, please try the <a href="https://wordpress.org/support/forums/">support forums</a>. (WordPress could not establish a secure connection to WordPress.org. Please contact your server administrator.) in F:\xampp\htdocs\wp_c\businessdemo\wp-includes\functions.php on line 6121
[01-Mar-2026 21:26:12 UTC] PHP Warning:  plugins_api(): An unexpected error occurred. Something may be wrong with WordPress.org or this server&#8217;s configuration. If you continue to have problems, please try the <a href="https://wordpress.org/support/forums/">support forums</a>. (WordPress could not establish a secure connection to WordPress.org. Please contact your server administrator.) in F:\xampp\htdocs\wp_c\businessdemo\wp-includes\functions.php on line 6121
[01-Mar-2026 21:26:33 UTC] PHP Warning:  wp_update_plugins(): An unexpected error occurred. Something may be wrong with WordPress.org or this server&#8217;s configuration. If you continue to have problems, please try the <a href="https://wordpress.org/support/forums/">support forums</a>. (WordPress could not establish a secure connection to WordPress.org. Please contact your server administrator.) in F:\xampp\htdocs\wp_c\businessdemo\wp-includes\functions.php on line 6121
[01-Mar-2026 21:26:33 UTC] PHP Warning:  plugins_api(): An unexpected error occurred. Something may be wrong with WordPress.org or this server&#8217;s configuration. If you continue to have problems, please try the <a href="https://wordpress.org/support/forums/">support forums</a>. (WordPress could not establish a secure connection to WordPress.org. Please contact your server administrator.) in F:\xampp\htdocs\wp_c\businessdemo\wp-includes\functions.php on line 6121
[01-Mar-2026 21:26:37 UTC] PHP Warning:  wp_update_plugins(): An unexpected error occurred. Something may be wrong with WordPress.org or this server&#8217;s configuration. If you continue to have problems, please try the <a href="https://wordpress.org/support/forums/">support forums</a>. (WordPress could not establish a secure connection to WordPress.org. Please contact your server administrator.) in F:\xampp\htdocs\wp_c\businessdemo\wp-includes\functions.php on line 6121
[01-Mar-2026 21:26:37 UTC] PHP Warning:  plugins_api(): An unexpected error occurred. Something may be wrong with WordPress.org or this server&#8217;s configuration. If you continue to have problems, please try the <a href="https://wordpress.org/support/forums/">support forums</a>. (WordPress could not establish a secure connection to WordPress.org. Please contact your server administrator.) in F:\xampp\htdocs\wp_c\businessdemo\wp-includes\functions.php on line 6121
[01-Mar-2026 21:26:38 UTC] PHP Warning:  wp_update_plugins(): An unexpected error occurred. Something may be wrong with WordPress.org or this server&#8217;s configuration. If you continue to have problems, please try the <a href="https://wordpress.org/support/forums/">support forums</a>. (WordPress could not establish a secure connection to WordPress.org. Please contact your server administrator.) in F:\xampp\htdocs\wp_c\businessdemo\wp-includes\functions.php on line 6121
[01-Mar-2026 21:26:38 UTC] PHP Warning:  plugins_api(): An unexpected error occurred. Something may be wrong with WordPress.org or this server&#8217;s configuration. If you continue to have problems, please try the <a href="https://wordpress.org/support/forums/">support forums</a>. (WordPress could not establish a secure connection to WordPress.org. Please contact your server administrator.) in F:\xampp\htdocs\wp_c\businessdemo\wp-includes\functions.php on line 6121
[02-Mar-2026 12:12:18 UTC] Automatic updates starting...
[02-Mar-2026 12:12:21 UTC]   Automatic plugin updates starting...
[02-Mar-2026 12:12:21 UTC]   Automatic plugin updates complete.
[02-Mar-2026 12:12:23 UTC] Automatic updates complete.
[02-Mar-2026 14:23:16 UTC] Automatic updates starting...
[02-Mar-2026 14:23:17 UTC]   Automatic plugin updates starting...
[02-Mar-2026 14:23:17 UTC]   Automatic plugin updates complete.
[02-Mar-2026 14:23:18 UTC] Automatic updates complete.
[02-Mar-2026 14:46:26 UTC] PHP Warning:  Trying to access array offset on value of type bool in F:\xampp\htdocs\wp_c\businessdemo\wp-content\plugins\elementor\includes\managers\image.php on line 113
[02-Mar-2026 14:46:26 UTC] PHP Warning:  Trying to access array offset on value of type bool in F:\xampp\htdocs\wp_c\businessdemo\wp-content\plugins\elementor\includes\managers\image.php on line 113
[02-Mar-2026 14:46:26 UTC] PHP Warning:  Trying to access array offset on value of type bool in F:\xampp\htdocs\wp_c\businessdemo\wp-content\plugins\elementor\includes\managers\image.php on line 113
[02-Mar-2026 14:46:26 UTC] PHP Warning:  Trying to access array offset on value of type bool in F:\xampp\htdocs\wp_c\businessdemo\wp-content\plugins\elementor\includes\managers\image.php on line 113
[02-Mar-2026 14:46:26 UTC] PHP Warning:  Trying to access array offset on value of type bool in F:\xampp\htdocs\wp_c\businessdemo\wp-content\plugins\elementor\includes\managers\image.php on line 113
[02-Mar-2026 14:46:26 UTC] PHP Warning:  Trying to access array offset on value of type bool in F:\xampp\htdocs\wp_c\businessdemo\wp-content\plugins\elementor\includes\managers\image.php on line 113
[02-Mar-2026 14:46:26 UTC] PHP Warning:  Trying to access array offset on value of type bool in F:\xampp\htdocs\wp_c\businessdemo\wp-content\plugins\elementor\includes\managers\image.php on line 113
[02-Mar-2026 14:46:26 UTC] PHP Warning:  Trying to access array offset on value of type bool in F:\xampp\htdocs\wp_c\businessdemo\wp-content\plugins\elementor\includes\managers\image.php on line 113
[02-Mar-2026 14:46:26 UTC] PHP Warning:  Trying to access array offset on value of type bool in F:\xampp\htdocs\wp_c\businessdemo\wp-content\plugins\elementor\includes\managers\image.php on line 113
[02-Mar-2026 14:46:26 UTC] PHP Warning:  Trying to access array offset on value of type bool in F:\xampp\htdocs\wp_c\businessdemo\wp-content\plugins\elementor\includes\managers\image.php on line 113
[02-Mar-2026 14:46:26 UTC] PHP Warning:  Trying to access array offset on value of type bool in F:\xampp\htdocs\wp_c\businessdemo\wp-content\plugins\elementor\includes\managers\image.php on line 113
[02-Mar-2026 14:46:26 UTC] PHP Warning:  Trying to access array offset on value of type bool in F:\xampp\htdocs\wp_c\businessdemo\wp-content\plugins\elementor\includes\managers\image.php on line 113
[02-Mar-2026 14:46:26 UTC] PHP Warning:  Trying to access array offset on value of type bool in F:\xampp\htdocs\wp_c\businessdemo\wp-content\plugins\elementor\includes\managers\image.php on line 113
[02-Mar-2026 14:46:26 UTC] PHP Warning:  Trying to access array offset on value of type bool in F:\xampp\htdocs\wp_c\businessdemo\wp-content\plugins\elementor\includes\managers\image.php on line 113
[02-Mar-2026 14:46:26 UTC] PHP Warning:  Trying to access array offset on value of type bool in F:\xampp\htdocs\wp_c\businessdemo\wp-content\plugins\elementor\includes\managers\image.php on line 113
[02-Mar-2026 14:46:26 UTC] PHP Warning:  Trying to access array offset on value of type bool in F:\xampp\htdocs\wp_c\businessdemo\wp-content\plugins\elementor\includes\managers\image.php on line 113
[02-Mar-2026 14:46:26 UTC] PHP Warning:  Trying to access array offset on value of type bool in F:\xampp\htdocs\wp_c\businessdemo\wp-content\plugins\elementor\includes\managers\image.php on line 113
[02-Mar-2026 14:46:26 UTC] PHP Warning:  Trying to access array offset on value of type bool in F:\xampp\htdocs\wp_c\businessdemo\wp-content\plugins\elementor\includes\managers\image.php on line 113
[02-Mar-2026 14:46:26 UTC] PHP Warning:  Trying to access array offset on value of type bool in F:\xampp\htdocs\wp_c\businessdemo\wp-content\plugins\elementor\includes\managers\image.php on line 113
[02-Mar-2026 14:46:26 UTC] PHP Warning:  Trying to access array offset on value of type bool in F:\xampp\htdocs\wp_c\businessdemo\wp-content\plugins\elementor\includes\managers\image.php on line 113
[02-Mar-2026 14:46:26 UTC] PHP Warning:  Trying to access array offset on value of type bool in F:\xampp\htdocs\wp_c\businessdemo\wp-content\plugins\elementor\includes\managers\image.php on line 113
[02-Mar-2026 14:46:26 UTC] PHP Warning:  Trying to access array offset on value of type bool in F:\xampp\htdocs\wp_c\businessdemo\wp-content\plugins\elementor\includes\managers\image.php on line 113
[02-Mar-2026 14:46:26 UTC] PHP Warning:  Trying to access array offset on value of type bool in F:\xampp\htdocs\wp_c\businessdemo\wp-content\plugins\elementor\includes\managers\image.php on line 113
[02-Mar-2026 14:46:26 UTC] PHP Warning:  Trying to access array offset on value of type bool in F:\xampp\htdocs\wp_c\businessdemo\wp-content\plugins\elementor\includes\managers\image.php on line 113
[02-Mar-2026 14:46:26 UTC] PHP Warning:  Trying to access array offset on value of type bool in F:\xampp\htdocs\wp_c\businessdemo\wp-content\plugins\elementor\includes\managers\image.php on line 113
[02-Mar-2026 14:46:26 UTC] PHP Warning:  Trying to access array offset on value of type bool in F:\xampp\htdocs\wp_c\businessdemo\wp-content\plugins\elementor\includes\managers\image.php on line 113
[02-Mar-2026 14:46:26 UTC] PHP Warning:  Trying to access array offset on value of type bool in F:\xampp\htdocs\wp_c\businessdemo\wp-content\plugins\elementor\includes\managers\image.php on line 113
[02-Mar-2026 14:46:26 UTC] PHP Warning:  Trying to access array offset on value of type bool in F:\xampp\htdocs\wp_c\businessdemo\wp-content\plugins\elementor\includes\managers\image.php on line 113
[02-Mar-2026 14:46:26 UTC] PHP Warning:  Trying to access array offset on value of type bool in F:\xampp\htdocs\wp_c\businessdemo\wp-content\plugins\elementor\includes\managers\image.php on line 113
[02-Mar-2026 14:46:26 UTC] PHP Warning:  Trying to access array offset on value of type bool in F:\xampp\htdocs\wp_c\businessdemo\wp-content\plugins\elementor\includes\managers\image.php on line 113
[02-Mar-2026 14:46:26 UTC] PHP Warning:  Trying to access array offset on value of type bool in F:\xampp\htdocs\wp_c\businessdemo\wp-content\plugins\elementor\includes\managers\image.php on line 113
[02-Mar-2026 14:46:26 UTC] PHP Warning:  Trying to access array offset on value of type bool in F:\xampp\htdocs\wp_c\businessdemo\wp-content\plugins\elementor\includes\managers\image.php on line 113
[02-Mar-2026 14:46:26 UTC] PHP Warning:  Trying to access array offset on value of type bool in F:\xampp\htdocs\wp_c\businessdemo\wp-content\plugins\elementor\includes\managers\image.php on line 113
[02-Mar-2026 14:46:26 UTC] PHP Warning:  Trying to access array offset on value of type bool in F:\xampp\htdocs\wp_c\businessdemo\wp-content\plugins\elementor\includes\managers\image.php on line 113
[02-Mar-2026 14:46:26 UTC] PHP Warning:  Trying to access array offset on value of type bool in F:\xampp\htdocs\wp_c\businessdemo\wp-content\plugins\elementor\includes\managers\image.php on line 113
[02-Mar-2026 14:46:26 UTC] PHP Warning:  Trying to access array offset on value of type bool in F:\xampp\htdocs\wp_c\businessdemo\wp-content\plugins\elementor\includes\managers\image.php on line 113
[02-Mar-2026 14:46:26 UTC] PHP Warning:  Trying to access array offset on value of type bool in F:\xampp\htdocs\wp_c\businessdemo\wp-content\plugins\elementor\includes\managers\image.php on line 113
[02-Mar-2026 14:46:26 UTC] PHP Warning:  Trying to access array offset on value of type bool in F:\xampp\htdocs\wp_c\businessdemo\wp-content\plugins\elementor\includes\managers\image.php on line 113
[02-Mar-2026 14:46:26 UTC] PHP Warning:  Trying to access array offset on value of type bool in F:\xampp\htdocs\wp_c\businessdemo\wp-content\plugins\elementor\includes\managers\image.php on line 113
[02-Mar-2026 14:46:26 UTC] PHP Warning:  Trying to access array offset on value of type bool in F:\xampp\htdocs\wp_c\businessdemo\wp-content\plugins\elementor\includes\managers\image.php on line 113
[02-Mar-2026 14:46:26 UTC] PHP Warning:  Trying to access array offset on value of type bool in F:\xampp\htdocs\wp_c\businessdemo\wp-content\plugins\elementor\includes\managers\image.php on line 113
[02-Mar-2026 14:46:26 UTC] PHP Warning:  Trying to access array offset on value of type bool in F:\xampp\htdocs\wp_c\businessdemo\wp-content\plugins\elementor\includes\managers\image.php on line 113
[02-Mar-2026 14:46:26 UTC] PHP Warning:  Trying to access array offset on value of type bool in F:\xampp\htdocs\wp_c\businessdemo\wp-content\plugins\elementor\includes\managers\image.php on line 113
[02-Mar-2026 14:46:26 UTC] PHP Warning:  Trying to access array offset on value of type bool in F:\xampp\htdocs\wp_c\businessdemo\wp-content\plugins\elementor\includes\managers\image.php on line 113
[02-Mar-2026 14:46:26 UTC] PHP Warning:  Trying to access array offset on value of type bool in F:\xampp\htdocs\wp_c\businessdemo\wp-content\plugins\elementor\includes\managers\image.php on line 113
[02-Mar-2026 14:46:26 UTC] PHP Warning:  Trying to access array offset on value of type bool in F:\xampp\htdocs\wp_c\businessdemo\wp-content\plugins\elementor\includes\managers\image.php on line 113
[02-Mar-2026 14:46:26 UTC] PHP Warning:  Trying to access array offset on value of type bool in F:\xampp\htdocs\wp_c\businessdemo\wp-content\plugins\elementor\includes\managers\image.php on line 113
[02-Mar-2026 14:46:26 UTC] PHP Warning:  Trying to access array offset on value of type bool in F:\xampp\htdocs\wp_c\businessdemo\wp-content\plugins\elementor\includes\managers\image.php on line 113
[02-Mar-2026 14:46:26 UTC] PHP Warning:  Trying to access array offset on value of type bool in F:\xampp\htdocs\wp_c\businessdemo\wp-content\plugins\elementor\includes\managers\image.php on line 113
[02-Mar-2026 14:46:26 UTC] PHP Warning:  Trying to access array offset on value of type bool in F:\xampp\htdocs\wp_c\businessdemo\wp-content\plugins\elementor\includes\managers\image.php on line 113
[02-Mar-2026 14:46:26 UTC] PHP Warning:  Trying to access array offset on value of type bool in F:\xampp\htdocs\wp_c\businessdemo\wp-content\plugins\elementor\includes\managers\image.php on line 113
[02-Mar-2026 14:46:26 UTC] PHP Warning:  Trying to access array offset on value of type bool in F:\xampp\htdocs\wp_c\businessdemo\wp-content\plugins\elementor\includes\managers\image.php on line 113
[02-Mar-2026 14:46:26 UTC] PHP Warning:  Trying to access array offset on value of type bool in F:\xampp\htdocs\wp_c\businessdemo\wp-content\plugins\elementor\includes\managers\image.php on line 113
[02-Mar-2026 14:46:26 UTC] PHP Warning:  Trying to access array offset on value of type bool in F:\xampp\htdocs\wp_c\businessdemo\wp-content\plugins\elementor\includes\managers\image.php on line 113
[02-Mar-2026 14:46:26 UTC] PHP Warning:  Trying to access array offset on value of type bool in F:\xampp\htdocs\wp_c\businessdemo\wp-content\plugins\elementor\includes\managers\image.php on line 113
[02-Mar-2026 14:46:26 UTC] PHP Warning:  Trying to access array offset on value of type bool in F:\xampp\htdocs\wp_c\businessdemo\wp-content\plugins\elementor\includes\managers\image.php on line 113
[02-Mar-2026 14:46:26 UTC] PHP Warning:  Trying to access array offset on value of type bool in F:\xampp\htdocs\wp_c\businessdemo\wp-content\plugins\elementor\includes\managers\image.php on line 113
[02-Mar-2026 14:46:26 UTC] PHP Warning:  Trying to access array offset on value of type bool in F:\xampp\htdocs\wp_c\businessdemo\wp-content\plugins\elementor\includes\managers\image.php on line 113
[02-Mar-2026 14:46:26 UTC] PHP Warning:  Trying to access array offset on value of type bool in F:\xampp\htdocs\wp_c\businessdemo\wp-content\plugins\elementor\includes\managers\image.php on line 113
[02-Mar-2026 14:46:26 UTC] PHP Warning:  Trying to access array offset on value of type bool in F:\xampp\htdocs\wp_c\businessdemo\wp-content\plugins\elementor\includes\managers\image.php on line 113
[02-Mar-2026 14:46:26 UTC] PHP Warning:  Trying to access array offset on value of type bool in F:\xampp\htdocs\wp_c\businessdemo\wp-content\plugins\elementor\includes\managers\image.php on line 113
[02-Mar-2026 14:46:26 UTC] PHP Warning:  Trying to access array offset on value of type bool in F:\xampp\htdocs\wp_c\businessdemo\wp-content\plugins\elementor\includes\managers\image.php on line 113
[02-Mar-2026 14:46:26 UTC] PHP Warning:  Trying to access array offset on value of type bool in F:\xampp\htdocs\wp_c\businessdemo\wp-content\plugins\elementor\includes\managers\image.php on line 113
[02-Mar-2026 14:46:26 UTC] PHP Warning:  Trying to access array offset on value of type bool in F:\xampp\htdocs\wp_c\businessdemo\wp-content\plugins\elementor\includes\managers\image.php on line 113
[02-Mar-2026 22:29:26 UTC] PHP Deprecated:  explode(): Passing null to parameter #2 ($string) of type string is deprecated in F:\xampp\htdocs\wp_c\businessdemo\wp-content\plugins\elementor\core\files\file-types\svg.php on line 165
[03-Mar-2026 12:36:22 UTC] Automatic updates starting...
[03-Mar-2026 12:36:23 UTC]   Automatic plugin updates starting...
[03-Mar-2026 12:36:23 UTC]   Automatic plugin updates complete.
[03-Mar-2026 12:36:25 UTC] Automatic updates complete.
[03-Mar-2026 14:23:24 UTC] Automatic updates starting...
[03-Mar-2026 14:23:24 UTC]   Automatic plugin updates starting...
[03-Mar-2026 14:23:24 UTC]   Automatic plugin updates complete.
[03-Mar-2026 14:23:24 UTC] Automatic updates complete.
[04-Mar-2026 12:07:06 UTC] Automatic updates starting...
[04-Mar-2026 12:07:08 UTC]   Automatic plugin updates starting...
[04-Mar-2026 12:07:08 UTC]   Automatic plugin updates complete.
[04-Mar-2026 12:07:09 UTC] Automatic updates complete.
[04-Mar-2026 18:23:35 UTC] Automatic updates starting...
[04-Mar-2026 18:23:38 UTC]   Automatic plugin updates starting...
[04-Mar-2026 18:23:38 UTC]   Automatic plugin updates complete.
[04-Mar-2026 18:23:40 UTC] Automatic updates complete.
[04-Mar-2026 22:20:26 UTC] PHP Fatal error:  Allowed memory size of 536870912 bytes exhausted (tried to allocate 589824 bytes) in F:\xampp\htdocs\wp_c\businessdemo\wp-includes\class-wpdb.php on line 2322
[04-Mar-2026 22:21:27 UTC] PHP Fatal error:  Allowed memory size of 536870912 bytes exhausted (tried to allocate 192512 bytes) in F:\xampp\htdocs\wp_c\businessdemo\wp-includes\class-wpdb.php on line 2322
[04-Mar-2026 22:23:36 UTC] PHP Fatal error:  Allowed memory size of 536870912 bytes exhausted (tried to allocate 192512 bytes) in F:\xampp\htdocs\wp_c\businessdemo\wp-includes\class-wpdb.php on line 2322
[04-Mar-2026 22:36:45 UTC] PHP Fatal error:  Allowed memory size of 536870912 bytes exhausted (tried to allocate 589824 bytes) in F:\xampp\htdocs\wp_c\businessdemo\wp-includes\class-wpdb.php on line 2322
[04-Mar-2026 22:38:20 UTC] PHP Fatal error:  Allowed memory size of 536870912 bytes exhausted (tried to allocate 589824 bytes) in F:\xampp\htdocs\wp_c\businessdemo\wp-includes\class-wpdb.php on line 2322
[04-Mar-2026 22:39:14 UTC] PHP Fatal error:  Allowed memory size of 536870912 bytes exhausted (tried to allocate 589824 bytes) in F:\xampp\htdocs\wp_c\businessdemo\wp-includes\class-wpdb.php on line 2322
[04-Mar-2026 22:39:20 UTC] PHP Fatal error:  Allowed memory size of 536870912 bytes exhausted (tried to allocate 589824 bytes) in F:\xampp\htdocs\wp_c\businessdemo\wp-includes\class-wpdb.php on line 2322
[04-Mar-2026 22:41:20 UTC] PHP Fatal error:  Allowed memory size of 536870912 bytes exhausted (tried to allocate 589824 bytes) in F:\xampp\htdocs\wp_c\businessdemo\wp-includes\class-wpdb.php on line 2322
[04-Mar-2026 22:41:32 UTC] PHP Fatal error:  Allowed memory size of 536870912 bytes exhausted (tried to allocate 589824 bytes) in F:\xampp\htdocs\wp_c\businessdemo\wp-includes\class-wpdb.php on line 2322
[04-Mar-2026 22:42:13 UTC] PHP Fatal error:  Allowed memory size of 536870912 bytes exhausted (tried to allocate 589824 bytes) in F:\xampp\htdocs\wp_c\businessdemo\wp-includes\class-wpdb.php on line 2322
[05-Mar-2026 13:46:25 UTC] Automatic updates starting...
[05-Mar-2026 13:46:27 UTC]   Automatic plugin updates starting...
[05-Mar-2026 13:46:27 UTC]   Automatic plugin updates complete.
[05-Mar-2026 13:46:28 UTC] Automatic updates complete.
[05-Mar-2026 14:23:19 UTC] Automatic updates starting...
[05-Mar-2026 14:23:19 UTC]   Automatic plugin updates starting...
[05-Mar-2026 14:23:19 UTC]   Automatic plugin updates complete.
[05-Mar-2026 14:23:19 UTC] Automatic updates complete.
[06-Mar-2026 11:51:27 UTC] Automatic updates starting...
[06-Mar-2026 11:51:29 UTC]   Automatic plugin updates starting...
[06-Mar-2026 11:51:29 UTC]   Automatic plugin updates complete.
[06-Mar-2026 11:51:30 UTC] Automatic updates complete.
[06-Mar-2026 14:23:15 UTC] Automatic updates starting...
[06-Mar-2026 14:23:16 UTC]   Automatic plugin updates starting...
[06-Mar-2026 14:23:16 UTC]   Automatic plugin updates complete.
[06-Mar-2026 14:23:17 UTC] Automatic updates complete.
[07-Mar-2026 12:41:09 UTC] Automatic updates starting...
[07-Mar-2026 12:41:11 UTC]   Automatic plugin updates starting...
[07-Mar-2026 12:41:11 UTC]   Automatic plugin updates complete.
[07-Mar-2026 12:41:13 UTC] Automatic updates complete.
[08-Mar-2026 11:14:30 UTC] Automatic updates starting...
[08-Mar-2026 11:14:31 UTC]   Automatic plugin updates starting...
[08-Mar-2026 11:14:31 UTC]   Automatic plugin updates complete.
[08-Mar-2026 11:14:33 UTC] Automatic updates complete.
[08-Mar-2026 11:17:45 UTC] PHP Fatal error:  Maximum execution time of 120 seconds exceeded in F:\xampp\htdocs\wp_c\businessdemo\wp-content\plugins\pro-elements\modules\payments\widgets\paypal-button.php on line 11
[08-Mar-2026 14:23:20 UTC] Automatic updates starting...
[08-Mar-2026 14:23:21 UTC]   Automatic plugin updates starting...
[08-Mar-2026 14:23:21 UTC]   Automatic plugin updates complete.
[08-Mar-2026 14:23:22 UTC] Automatic updates complete.
[08-Mar-2026 20:20:23 UTC] PHP Fatal error:  Allowed memory size of 536870912 bytes exhausted (tried to allocate 561152 bytes) in F:\xampp\htdocs\wp_c\businessdemo\wp-includes\class-wpdb.php on line 2322
[08-Mar-2026 21:09:15 UTC] PHP Fatal error:  Allowed memory size of 536870912 bytes exhausted (tried to allocate 561152 bytes) in F:\xampp\htdocs\wp_c\businessdemo\wp-includes\class-wpdb.php on line 2322
[08-Mar-2026 21:10:18 UTC] PHP Fatal error:  Allowed memory size of 536870912 bytes exhausted (tried to allocate 561152 bytes) in F:\xampp\htdocs\wp_c\businessdemo\wp-includes\class-wpdb.php on line 2322
[08-Mar-2026 21:11:25 UTC] PHP Fatal error:  Allowed memory size of 536870912 bytes exhausted (tried to allocate 561152 bytes) in F:\xampp\htdocs\wp_c\businessdemo\wp-includes\class-wpdb.php on line 2322
[08-Mar-2026 21:12:05 UTC] PHP Fatal error:  Allowed memory size of 536870912 bytes exhausted (tried to allocate 561152 bytes) in F:\xampp\htdocs\wp_c\businessdemo\wp-includes\class-wpdb.php on line 2322
[08-Mar-2026 21:15:36 UTC] PHP Fatal error:  Allowed memory size of 536870912 bytes exhausted (tried to allocate 561152 bytes) in F:\xampp\htdocs\wp_c\businessdemo\wp-includes\class-wpdb.php on line 2322
[08-Mar-2026 21:21:43 UTC] PHP Fatal error:  Allowed memory size of 536870912 bytes exhausted (tried to allocate 561152 bytes) in F:\xampp\htdocs\wp_c\businessdemo\wp-includes\class-wpdb.php on line 2322
[08-Mar-2026 21:21:57 UTC] PHP Fatal error:  Allowed memory size of 536870912 bytes exhausted (tried to allocate 561152 bytes) in F:\xampp\htdocs\wp_c\businessdemo\wp-includes\class-wpdb.php on line 2322
[08-Mar-2026 21:22:21 UTC] PHP Fatal error:  Allowed memory size of 536870912 bytes exhausted (tried to allocate 561152 bytes) in F:\xampp\htdocs\wp_c\businessdemo\wp-includes\class-wpdb.php on line 2322
[08-Mar-2026 21:22:35 UTC] PHP Fatal error:  Allowed memory size of 536870912 bytes exhausted (tried to allocate 561152 bytes) in F:\xampp\htdocs\wp_c\businessdemo\wp-includes\class-wpdb.php on line 2322
[08-Mar-2026 21:24:12 UTC] PHP Fatal error:  Allowed memory size of 536870912 bytes exhausted (tried to allocate 561152 bytes) in F:\xampp\htdocs\wp_c\businessdemo\wp-includes\class-wpdb.php on line 2322
[08-Mar-2026 21:24:21 UTC] PHP Fatal error:  Allowed memory size of 536870912 bytes exhausted (tried to allocate 561152 bytes) in F:\xampp\htdocs\wp_c\businessdemo\wp-includes\class-wpdb.php on line 2322
[08-Mar-2026 21:33:34 UTC] PHP Fatal error:  Allowed memory size of 536870912 bytes exhausted (tried to allocate 561152 bytes) in F:\xampp\htdocs\wp_c\businessdemo\wp-includes\class-wpdb.php on line 2322
[08-Mar-2026 21:33:43 UTC] PHP Fatal error:  Allowed memory size of 536870912 bytes exhausted (tried to allocate 561152 bytes) in F:\xampp\htdocs\wp_c\businessdemo\wp-includes\class-wpdb.php on line 2322
[08-Mar-2026 21:34:17 UTC] PHP Fatal error:  Allowed memory size of 536870912 bytes exhausted (tried to allocate 561152 bytes) in F:\xampp\htdocs\wp_c\businessdemo\wp-includes\class-wpdb.php on line 2322
[08-Mar-2026 21:37:37 UTC] PHP Fatal error:  Allowed memory size of 536870912 bytes exhausted (tried to allocate 561152 bytes) in F:\xampp\htdocs\wp_c\businessdemo\wp-includes\class-wpdb.php on line 2322
[08-Mar-2026 21:41:25 UTC] PHP Fatal error:  Allowed memory size of 536870912 bytes exhausted (tried to allocate 561152 bytes) in F:\xampp\htdocs\wp_c\businessdemo\wp-includes\class-wpdb.php on line 2322
[08-Mar-2026 21:41:50 UTC] PHP Fatal error:  Allowed memory size of 536870912 bytes exhausted (tried to allocate 561152 bytes) in F:\xampp\htdocs\wp_c\businessdemo\wp-includes\class-wpdb.php on line 2322
[08-Mar-2026 21:42:18 UTC] PHP Fatal error:  Allowed memory size of 536870912 bytes exhausted (tried to allocate 561152 bytes) in F:\xampp\htdocs\wp_c\businessdemo\wp-includes\class-wpdb.php on line 2322
[08-Mar-2026 21:42:38 UTC] PHP Fatal error:  Allowed memory size of 536870912 bytes exhausted (tried to allocate 561152 bytes) in F:\xampp\htdocs\wp_c\businessdemo\wp-includes\class-wpdb.php on line 2322
[08-Mar-2026 21:43:13 UTC] PHP Fatal error:  Allowed memory size of 536870912 bytes exhausted (tried to allocate 561152 bytes) in F:\xampp\htdocs\wp_c\businessdemo\wp-includes\class-wpdb.php on line 2322
[08-Mar-2026 21:43:21 UTC] PHP Fatal error:  Allowed memory size of 536870912 bytes exhausted (tried to allocate 561152 bytes) in F:\xampp\htdocs\wp_c\businessdemo\wp-includes\class-wpdb.php on line 2322
[08-Mar-2026 21:43:33 UTC] PHP Fatal error:  Allowed memory size of 536870912 bytes exhausted (tried to allocate 561152 bytes) in F:\xampp\htdocs\wp_c\businessdemo\wp-includes\class-wpdb.php on line 2322
[08-Mar-2026 22:03:51 UTC] PHP Fatal error:  Allowed memory size of 536870912 bytes exhausted (tried to allocate 561152 bytes) in F:\xampp\htdocs\wp_c\businessdemo\wp-includes\class-wpdb.php on line 2322
[09-Mar-2026 12:25:52 UTC] Automatic updates starting...
[09-Mar-2026 12:25:53 UTC]   Automatic plugin updates starting...
[09-Mar-2026 12:25:53 UTC]   Automatic plugin updates complete.
[09-Mar-2026 12:25:56 UTC] Automatic updates complete.
[09-Mar-2026 14:23:19 UTC] Automatic updates starting...
[09-Mar-2026 14:23:19 UTC]   Automatic plugin updates starting...
[09-Mar-2026 14:23:19 UTC]   Automatic plugin updates complete.
[09-Mar-2026 14:23:19 UTC] Automatic updates complete.
[09-Mar-2026 15:02:39 UTC] PHP Warning:  Trying to access array offset on value of type bool in F:\xampp\htdocs\wp_c\businessdemo\wp-content\plugins\elementor\includes\managers\image.php on line 113
[09-Mar-2026 15:02:39 UTC] PHP Warning:  Trying to access array offset on value of type bool in F:\xampp\htdocs\wp_c\businessdemo\wp-content\plugins\elementor\includes\managers\image.php on line 113
[09-Mar-2026 15:02:39 UTC] PHP Warning:  Trying to access array offset on value of type bool in F:\xampp\htdocs\wp_c\businessdemo\wp-content\plugins\elementor\includes\managers\image.php on line 113
[09-Mar-2026 15:02:39 UTC] PHP Warning:  Trying to access array offset on value of type bool in F:\xampp\htdocs\wp_c\businessdemo\wp-content\plugins\elementor\includes\managers\image.php on line 113
[09-Mar-2026 15:02:39 UTC] PHP Warning:  Trying to access array offset on value of type bool in F:\xampp\htdocs\wp_c\businessdemo\wp-content\plugins\elementor\includes\managers\image.php on line 113
[09-Mar-2026 15:02:39 UTC] PHP Warning:  Trying to access array offset on value of type bool in F:\xampp\htdocs\wp_c\businessdemo\wp-content\plugins\elementor\includes\managers\image.php on line 113
[09-Mar-2026 15:02:39 UTC] PHP Warning:  Trying to access array offset on value of type bool in F:\xampp\htdocs\wp_c\businessdemo\wp-content\plugins\elementor\includes\managers\image.php on line 113
[09-Mar-2026 15:02:39 UTC] PHP Warning:  Trying to access array offset on value of type bool in F:\xampp\htdocs\wp_c\businessdemo\wp-content\plugins\elementor\includes\managers\image.php on line 113
[10-Mar-2026 11:29:54 UTC] Automatic updates starting...
[10-Mar-2026 11:29:56 UTC]   Automatic plugin updates starting...
[10-Mar-2026 11:29:56 UTC]   Automatic plugin updates complete.
[10-Mar-2026 11:29:58 UTC] Automatic updates complete.
[11-Mar-2026 14:04:03 UTC] PHP Warning:  wp_version_check(): An unexpected error occurred. Something may be wrong with WordPress.org or this server&#8217;s configuration. If you continue to have problems, please try the <a href="https://wordpress.org/support/forums/">support forums</a>. (WordPress could not establish a secure connection to WordPress.org. Please contact your server administrator.) in F:\xampp\htdocs\wp_c\businessdemo\wp-includes\functions.php on line 6121
[11-Mar-2026 14:04:03 UTC] PHP Warning:  wp_update_plugins(): An unexpected error occurred. Something may be wrong with WordPress.org or this server&#8217;s configuration. If you continue to have problems, please try the <a href="https://wordpress.org/support/forums/">support forums</a>. (WordPress could not establish a secure connection to WordPress.org. Please contact your server administrator.) in F:\xampp\htdocs\wp_c\businessdemo\wp-includes\functions.php on line 6121
[11-Mar-2026 14:04:03 UTC] PHP Warning:  wp_update_themes(): An unexpected error occurred. Something may be wrong with WordPress.org or this server&#8217;s configuration. If you continue to have problems, please try the <a href="https://wordpress.org/support/forums/">support forums</a>. (WordPress could not establish a secure connection to WordPress.org. Please contact your server administrator.) in F:\xampp\htdocs\wp_c\businessdemo\wp-includes\functions.php on line 6121
[11-Mar-2026 14:04:19 UTC] PHP Warning:  get_core_checksums(): An unexpected error occurred. Something may be wrong with WordPress.org or this server&#8217;s configuration. If you continue to have problems, please try the <a href="https://wordpress.org/support/forums/">support forums</a>. (WordPress could not establish a secure connection to WordPress.org. Please contact your server administrator.) in F:\xampp\htdocs\wp_c\businessdemo\wp-includes\functions.php on line 6121
[11-Mar-2026 14:23:58 UTC] PHP Warning:  wp_version_check(): An unexpected error occurred. Something may be wrong with WordPress.org or this server&#8217;s configuration. If you continue to have problems, please try the <a href="https://wordpress.org/support/forums/">support forums</a>. (WordPress could not establish a secure connection to WordPress.org. Please contact your server administrator.) in F:\xampp\htdocs\wp_c\businessdemo\wp-includes\functions.php on line 6121
[11-Mar-2026 14:42:32 UTC] PHP Fatal error:  Allowed memory size of 536870912 bytes exhausted (tried to allocate 561152 bytes) in F:\xampp\htdocs\wp_c\businessdemo\wp-includes\class-wpdb.php on line 2322
[11-Mar-2026 14:43:17 UTC] PHP Fatal error:  Allowed memory size of 536870912 bytes exhausted (tried to allocate 561152 bytes) in F:\xampp\htdocs\wp_c\businessdemo\wp-includes\class-wpdb.php on line 2322
[12-Mar-2026 13:48:52 UTC] PHP Warning:  wp_version_check(): An unexpected error occurred. Something may be wrong with WordPress.org or this server&#8217;s configuration. If you continue to have problems, please try the <a href="https://wordpress.org/support/forums/">support forums</a>. (WordPress could not establish a secure connection to WordPress.org. Please contact your server administrator.) in F:\xampp\htdocs\wp_c\businessdemo\wp-includes\functions.php on line 6121
[12-Mar-2026 13:48:52 UTC] PHP Warning:  wp_update_plugins(): An unexpected error occurred. Something may be wrong with WordPress.org or this server&#8217;s configuration. If you continue to have problems, please try the <a href="https://wordpress.org/support/forums/">support forums</a>. (WordPress could not establish a secure connection to WordPress.org. Please contact your server administrator.) in F:\xampp\htdocs\wp_c\businessdemo\wp-includes\functions.php on line 6121
[12-Mar-2026 13:48:52 UTC] PHP Warning:  wp_update_themes(): An unexpected error occurred. Something may be wrong with WordPress.org or this server&#8217;s configuration. If you continue to have problems, please try the <a href="https://wordpress.org/support/forums/">support forums</a>. (WordPress could not establish a secure connection to WordPress.org. Please contact your server administrator.) in F:\xampp\htdocs\wp_c\businessdemo\wp-includes\functions.php on line 6121
[12-Mar-2026 14:23:39 UTC] Automatic updates starting...
[12-Mar-2026 14:23:39 UTC]   Automatic plugin updates starting...
[12-Mar-2026 14:23:39 UTC]   Automatic plugin updates complete.
[12-Mar-2026 14:23:39 UTC] Automatic updates complete.
[13-Mar-2026 13:57:59 UTC] Automatic updates starting...
[13-Mar-2026 13:58:00 UTC]   Automatic plugin updates starting...
[13-Mar-2026 13:58:00 UTC]   Automatic plugin updates complete.
[13-Mar-2026 13:58:01 UTC] Automatic updates complete.
[13-Mar-2026 14:23:27 UTC] Automatic updates starting...
[13-Mar-2026 14:23:27 UTC]   Automatic plugin updates starting...
[13-Mar-2026 14:23:27 UTC]   Automatic plugin updates complete.
[13-Mar-2026 14:23:27 UTC] Automatic updates complete.
[14-Mar-2026 20:49:24 UTC] Automatic updates starting...
[14-Mar-2026 20:49:25 UTC]   Automatic plugin updates starting...
[14-Mar-2026 20:49:26 UTC]   Automatic plugin updates complete.
[14-Mar-2026 20:49:27 UTC] Automatic updates complete.
[14-Mar-2026 21:50:56 UTC] PHP Warning:  Trying to access array offset on value of type bool in F:\xampp\htdocs\wp_c\businessdemo\wp-content\plugins\elementor\includes\managers\image.php on line 113
[14-Mar-2026 21:50:56 UTC] PHP Warning:  Trying to access array offset on value of type bool in F:\xampp\htdocs\wp_c\businessdemo\wp-content\plugins\elementor\includes\managers\image.php on line 113
[14-Mar-2026 21:50:56 UTC] PHP Warning:  Trying to access array offset on value of type bool in F:\xampp\htdocs\wp_c\businessdemo\wp-content\plugins\elementor\includes\managers\image.php on line 113
[14-Mar-2026 21:50:56 UTC] PHP Warning:  Trying to access array offset on value of type bool in F:\xampp\htdocs\wp_c\businessdemo\wp-content\plugins\elementor\includes\managers\image.php on line 113
[14-Mar-2026 21:50:56 UTC] PHP Warning:  Trying to access array offset on value of type bool in F:\xampp\htdocs\wp_c\businessdemo\wp-content\plugins\elementor\includes\managers\image.php on line 113
[14-Mar-2026 21:50:56 UTC] PHP Warning:  Trying to access array offset on value of type bool in F:\xampp\htdocs\wp_c\businessdemo\wp-content\plugins\elementor\includes\managers\image.php on line 113
[14-Mar-2026 21:50:56 UTC] PHP Warning:  Trying to access array offset on value of type bool in F:\xampp\htdocs\wp_c\businessdemo\wp-content\plugins\elementor\includes\managers\image.php on line 113
[14-Mar-2026 21:50:56 UTC] PHP Warning:  Trying to access array offset on value of type bool in F:\xampp\htdocs\wp_c\businessdemo\wp-content\plugins\elementor\includes\managers\image.php on line 113
[14-Mar-2026 21:50:56 UTC] PHP Warning:  Trying to access array offset on value of type bool in F:\xampp\htdocs\wp_c\businessdemo\wp-content\plugins\elementor\includes\managers\image.php on line 113
[14-Mar-2026 21:50:56 UTC] PHP Warning:  Trying to access array offset on value of type bool in F:\xampp\htdocs\wp_c\businessdemo\wp-content\plugins\elementor\includes\managers\image.php on line 113
[14-Mar-2026 21:50:56 UTC] PHP Warning:  Trying to access array offset on value of type bool in F:\xampp\htdocs\wp_c\businessdemo\wp-content\plugins\elementor\includes\managers\image.php on line 113
[14-Mar-2026 21:50:56 UTC] PHP Warning:  Trying to access array offset on value of type bool in F:\xampp\htdocs\wp_c\businessdemo\wp-content\plugins\elementor\includes\managers\image.php on line 113
[14-Mar-2026 21:50:56 UTC] PHP Warning:  Trying to access array offset on value of type bool in F:\xampp\htdocs\wp_c\businessdemo\wp-content\plugins\elementor\includes\managers\image.php on line 113
[14-Mar-2026 21:50:56 UTC] PHP Warning:  Trying to access array offset on value of type bool in F:\xampp\htdocs\wp_c\businessdemo\wp-content\plugins\elementor\includes\managers\image.php on line 113
[14-Mar-2026 21:50:56 UTC] PHP Warning:  Trying to access array offset on value of type bool in F:\xampp\htdocs\wp_c\businessdemo\wp-content\plugins\elementor\includes\managers\image.php on line 113
[14-Mar-2026 21:50:56 UTC] PHP Warning:  Trying to access array offset on value of type bool in F:\xampp\htdocs\wp_c\businessdemo\wp-content\plugins\elementor\includes\managers\image.php on line 113
[14-Mar-2026 21:50:56 UTC] PHP Warning:  Trying to access array offset on value of type bool in F:\xampp\htdocs\wp_c\businessdemo\wp-content\plugins\elementor\includes\managers\image.php on line 113
[14-Mar-2026 21:50:56 UTC] PHP Warning:  Trying to access array offset on value of type bool in F:\xampp\htdocs\wp_c\businessdemo\wp-content\plugins\elementor\includes\managers\image.php on line 113
[14-Mar-2026 21:50:56 UTC] PHP Warning:  Trying to access array offset on value of type bool in F:\xampp\htdocs\wp_c\businessdemo\wp-content\plugins\elementor\includes\managers\image.php on line 113
[14-Mar-2026 21:50:56 UTC] PHP Warning:  Trying to access array offset on value of type bool in F:\xampp\htdocs\wp_c\businessdemo\wp-content\plugins\elementor\includes\managers\image.php on line 113
[14-Mar-2026 21:50:56 UTC] PHP Warning:  Trying to access array offset on value of type bool in F:\xampp\htdocs\wp_c\businessdemo\wp-content\plugins\elementor\includes\managers\image.php on line 113
[14-Mar-2026 21:50:56 UTC] PHP Warning:  Trying to access array offset on value of type bool in F:\xampp\htdocs\wp_c\businessdemo\wp-content\plugins\elementor\includes\managers\image.php on line 113
[14-Mar-2026 21:50:56 UTC] PHP Warning:  Trying to access array offset on value of type bool in F:\xampp\htdocs\wp_c\businessdemo\wp-content\plugins\elementor\includes\managers\image.php on line 113
[14-Mar-2026 21:50:56 UTC] PHP Warning:  Trying to access array offset on value of type bool in F:\xampp\htdocs\wp_c\businessdemo\wp-content\plugins\elementor\includes\managers\image.php on line 113
[14-Mar-2026 21:50:56 UTC] PHP Warning:  Trying to access array offset on value of type bool in F:\xampp\htdocs\wp_c\businessdemo\wp-content\plugins\elementor\includes\managers\image.php on line 113
[14-Mar-2026 21:50:56 UTC] PHP Warning:  Trying to access array offset on value of type bool in F:\xampp\htdocs\wp_c\businessdemo\wp-content\plugins\elementor\includes\managers\image.php on line 113
[14-Mar-2026 21:50:56 UTC] PHP Warning:  Trying to access array offset on value of type bool in F:\xampp\htdocs\wp_c\businessdemo\wp-content\plugins\elementor\includes\managers\image.php on line 113
[14-Mar-2026 21:50:56 UTC] PHP Warning:  Trying to access array offset on value of type bool in F:\xampp\htdocs\wp_c\businessdemo\wp-content\plugins\elementor\includes\managers\image.php on line 113
[14-Mar-2026 21:50:56 UTC] PHP Warning:  Trying to access array offset on value of type bool in F:\xampp\htdocs\wp_c\businessdemo\wp-content\plugins\elementor\includes\managers\image.php on line 113
[14-Mar-2026 21:50:56 UTC] PHP Warning:  Trying to access array offset on value of type bool in F:\xampp\htdocs\wp_c\businessdemo\wp-content\plugins\elementor\includes\managers\image.php on line 113
[14-Mar-2026 21:50:56 UTC] PHP Warning:  Trying to access array offset on value of type bool in F:\xampp\htdocs\wp_c\businessdemo\wp-content\plugins\elementor\includes\managers\image.php on line 113
[14-Mar-2026 21:50:56 UTC] PHP Warning:  Trying to access array offset on value of type bool in F:\xampp\htdocs\wp_c\businessdemo\wp-content\plugins\elementor\includes\managers\image.php on line 113
[14-Mar-2026 21:50:56 UTC] PHP Warning:  Trying to access array offset on value of type bool in F:\xampp\htdocs\wp_c\businessdemo\wp-content\plugins\elementor\includes\managers\image.php on line 113
[14-Mar-2026 21:50:56 UTC] PHP Warning:  Trying to access array offset on value of type bool in F:\xampp\htdocs\wp_c\businessdemo\wp-content\plugins\elementor\includes\managers\image.php on line 113
[14-Mar-2026 21:50:56 UTC] PHP Warning:  Trying to access array offset on value of type bool in F:\xampp\htdocs\wp_c\businessdemo\wp-content\plugins\elementor\includes\managers\image.php on line 113
[14-Mar-2026 21:50:56 UTC] PHP Warning:  Trying to access array offset on value of type bool in F:\xampp\htdocs\wp_c\businessdemo\wp-content\plugins\elementor\includes\managers\image.php on line 113
[14-Mar-2026 21:50:56 UTC] PHP Warning:  Trying to access array offset on value of type bool in F:\xampp\htdocs\wp_c\businessdemo\wp-content\plugins\elementor\includes\managers\image.php on line 113
[14-Mar-2026 21:50:56 UTC] PHP Warning:  Trying to access array offset on value of type bool in F:\xampp\htdocs\wp_c\businessdemo\wp-content\plugins\elementor\includes\managers\image.php on line 113
[14-Mar-2026 21:50:56 UTC] PHP Warning:  Trying to access array offset on value of type bool in F:\xampp\htdocs\wp_c\businessdemo\wp-content\plugins\elementor\includes\managers\image.php on line 113
[14-Mar-2026 21:50:56 UTC] PHP Warning:  Trying to access array offset on value of type bool in F:\xampp\htdocs\wp_c\businessdemo\wp-content\plugins\elementor\includes\managers\image.php on line 113
[14-Mar-2026 21:50:56 UTC] PHP Warning:  Trying to access array offset on value of type bool in F:\xampp\htdocs\wp_c\businessdemo\wp-content\plugins\elementor\includes\managers\image.php on line 113
[14-Mar-2026 21:50:56 UTC] PHP Warning:  Trying to access array offset on value of type bool in F:\xampp\htdocs\wp_c\businessdemo\wp-content\plugins\elementor\includes\managers\image.php on line 113
[14-Mar-2026 21:50:56 UTC] PHP Warning:  Trying to access array offset on value of type bool in F:\xampp\htdocs\wp_c\businessdemo\wp-content\plugins\elementor\includes\managers\image.php on line 113
[14-Mar-2026 21:50:56 UTC] PHP Warning:  Trying to access array offset on value of type bool in F:\xampp\htdocs\wp_c\businessdemo\wp-content\plugins\elementor\includes\managers\image.php on line 113
[14-Mar-2026 21:50:56 UTC] PHP Warning:  Trying to access array offset on value of type bool in F:\xampp\htdocs\wp_c\businessdemo\wp-content\plugins\elementor\includes\managers\image.php on line 113
[14-Mar-2026 21:50:56 UTC] PHP Warning:  Trying to access array offset on value of type bool in F:\xampp\htdocs\wp_c\businessdemo\wp-content\plugins\elementor\includes\managers\image.php on line 113
[14-Mar-2026 21:50:56 UTC] PHP Warning:  Trying to access array offset on value of type bool in F:\xampp\htdocs\wp_c\businessdemo\wp-content\plugins\elementor\includes\managers\image.php on line 113
[14-Mar-2026 21:50:56 UTC] PHP Warning:  Trying to access array offset on value of type bool in F:\xampp\htdocs\wp_c\businessdemo\wp-content\plugins\elementor\includes\managers\image.php on line 113
[14-Mar-2026 21:50:56 UTC] PHP Warning:  Trying to access array offset on value of type bool in F:\xampp\htdocs\wp_c\businessdemo\wp-content\plugins\elementor\includes\managers\image.php on line 113
[14-Mar-2026 21:50:56 UTC] PHP Warning:  Trying to access array offset on value of type bool in F:\xampp\htdocs\wp_c\businessdemo\wp-content\plugins\elementor\includes\managers\image.php on line 113
[14-Mar-2026 21:50:56 UTC] PHP Warning:  Trying to access array offset on value of type bool in F:\xampp\htdocs\wp_c\businessdemo\wp-content\plugins\elementor\includes\managers\image.php on line 113
[14-Mar-2026 21:50:56 UTC] PHP Warning:  Trying to access array offset on value of type bool in F:\xampp\htdocs\wp_c\businessdemo\wp-content\plugins\elementor\includes\managers\image.php on line 113
[14-Mar-2026 21:50:56 UTC] PHP Warning:  Trying to access array offset on value of type bool in F:\xampp\htdocs\wp_c\businessdemo\wp-content\plugins\elementor\includes\managers\image.php on line 113
[14-Mar-2026 21:50:56 UTC] PHP Warning:  Trying to access array offset on value of type bool in F:\xampp\htdocs\wp_c\businessdemo\wp-content\plugins\elementor\includes\managers\image.php on line 113
[14-Mar-2026 21:50:56 UTC] PHP Warning:  Trying to access array offset on value of type bool in F:\xampp\htdocs\wp_c\businessdemo\wp-content\plugins\elementor\includes\managers\image.php on line 113
[14-Mar-2026 21:50:56 UTC] PHP Warning:  Trying to access array offset on value of type bool in F:\xampp\htdocs\wp_c\businessdemo\wp-content\plugins\elementor\includes\managers\image.php on line 113
[14-Mar-2026 21:50:56 UTC] PHP Warning:  Trying to access array offset on value of type bool in F:\xampp\htdocs\wp_c\businessdemo\wp-content\plugins\elementor\includes\managers\image.php on line 113
[14-Mar-2026 21:50:56 UTC] PHP Warning:  Trying to access array offset on value of type bool in F:\xampp\htdocs\wp_c\businessdemo\wp-content\plugins\elementor\includes\managers\image.php on line 113
[14-Mar-2026 21:50:56 UTC] PHP Warning:  Trying to access array offset on value of type bool in F:\xampp\htdocs\wp_c\businessdemo\wp-content\plugins\elementor\includes\managers\image.php on line 113
[14-Mar-2026 21:50:56 UTC] PHP Warning:  Trying to access array offset on value of type bool in F:\xampp\htdocs\wp_c\businessdemo\wp-content\plugins\elementor\includes\managers\image.php on line 113
[14-Mar-2026 21:50:56 UTC] PHP Warning:  Trying to access array offset on value of type bool in F:\xampp\htdocs\wp_c\businessdemo\wp-content\plugins\elementor\includes\managers\image.php on line 113
[14-Mar-2026 21:50:56 UTC] PHP Warning:  Trying to access array offset on value of type bool in F:\xampp\htdocs\wp_c\businessdemo\wp-content\plugins\elementor\includes\managers\image.php on line 113
[14-Mar-2026 21:50:56 UTC] PHP Warning:  Trying to access array offset on value of type bool in F:\xampp\htdocs\wp_c\businessdemo\wp-content\plugins\elementor\includes\managers\image.php on line 113
[14-Mar-2026 21:50:56 UTC] PHP Warning:  Trying to access array offset on value of type bool in F:\xampp\htdocs\wp_c\businessdemo\wp-content\plugins\elementor\includes\managers\image.php on line 113
[15-Mar-2026 14:06:41 UTC] Automatic updates starting...
[15-Mar-2026 14:06:43 UTC]   Automatic plugin updates starting...
[15-Mar-2026 14:06:43 UTC]   Automatic plugin updates complete.
[15-Mar-2026 14:06:45 UTC] Automatic updates complete.
[15-Mar-2026 21:20:19 UTC] PHP Warning:  wp_version_check(): An unexpected error occurred. Something may be wrong with WordPress.org or this server&#8217;s configuration. If you continue to have problems, please try the <a href="https://wordpress.org/support/forums/">support forums</a>. (WordPress could not establish a secure connection to WordPress.org. Please contact your server administrator.) in F:\xampp\htdocs\wp_c\businessdemo\wp-includes\functions.php on line 6121
[15-Mar-2026 21:20:19 UTC] PHP Warning:  wp_update_plugins(): An unexpected error occurred. Something may be wrong with WordPress.org or this server&#8217;s configuration. If you continue to have problems, please try the <a href="https://wordpress.org/support/forums/">support forums</a>. (WordPress could not establish a secure connection to WordPress.org. Please contact your server administrator.) in F:\xampp\htdocs\wp_c\businessdemo\wp-includes\functions.php on line 6121
[15-Mar-2026 21:20:19 UTC] PHP Warning:  wp_update_themes(): An unexpected error occurred. Something may be wrong with WordPress.org or this server&#8217;s configuration. If you continue to have problems, please try the <a href="https://wordpress.org/support/forums/">support forums</a>. (WordPress could not establish a secure connection to WordPress.org. Please contact your server administrator.) in F:\xampp\htdocs\wp_c\businessdemo\wp-includes\functions.php on line 6121
[17-Mar-2026 14:45:39 UTC] Automatic updates starting...
[17-Mar-2026 14:45:40 UTC]   Automatic plugin updates starting...
[17-Mar-2026 14:45:40 UTC]   Automatic plugin updates complete.
[17-Mar-2026 14:45:41 UTC]   Automatic theme updates starting...
[17-Mar-2026 14:45:42 UTC]   Automatic theme updates complete.
[17-Mar-2026 14:45:42 UTC] Automatic updates complete.
[18-Mar-2026 14:17:35 UTC] Automatic updates starting...
[18-Mar-2026 14:17:36 UTC]   Automatic plugin updates starting...
[18-Mar-2026 14:17:36 UTC]   Automatic plugin updates complete.
[18-Mar-2026 14:17:37 UTC]   Automatic theme updates starting...
[18-Mar-2026 14:17:38 UTC]   Automatic theme updates complete.
[18-Mar-2026 14:17:38 UTC] Automatic updates complete.
[18-Mar-2026 14:23:50 UTC] Automatic updates starting...
[18-Mar-2026 14:23:50 UTC]   Automatic plugin updates starting...
[18-Mar-2026 14:23:50 UTC]   Automatic plugin updates complete.
[18-Mar-2026 14:23:50 UTC]   Automatic theme updates starting...
[18-Mar-2026 14:23:50 UTC]   Automatic theme updates complete.
[18-Mar-2026 14:23:50 UTC] Automatic updates complete.
[18-Mar-2026 21:21:12 UTC] PHP Warning:  Trying to access array offset on value of type bool in F:\xampp\htdocs\wp_c\businessdemo\wp-content\plugins\elementor\includes\managers\image.php on line 113
[18-Mar-2026 21:21:12 UTC] PHP Warning:  Trying to access array offset on value of type bool in F:\xampp\htdocs\wp_c\businessdemo\wp-content\plugins\elementor\includes\managers\image.php on line 113
[18-Mar-2026 21:21:12 UTC] PHP Warning:  Trying to access array offset on value of type bool in F:\xampp\htdocs\wp_c\businessdemo\wp-content\plugins\elementor\includes\managers\image.php on line 113
[18-Mar-2026 21:21:12 UTC] PHP Warning:  Trying to access array offset on value of type bool in F:\xampp\htdocs\wp_c\businessdemo\wp-content\plugins\elementor\includes\managers\image.php on line 113
[18-Mar-2026 21:21:12 UTC] PHP Warning:  Trying to access array offset on value of type bool in F:\xampp\htdocs\wp_c\businessdemo\wp-content\plugins\elementor\includes\managers\image.php on line 113
[18-Mar-2026 21:21:12 UTC] PHP Warning:  Trying to access array offset on value of type bool in F:\xampp\htdocs\wp_c\businessdemo\wp-content\plugins\elementor\includes\managers\image.php on line 113
[18-Mar-2026 21:21:12 UTC] PHP Warning:  Trying to access array offset on value of type bool in F:\xampp\htdocs\wp_c\businessdemo\wp-content\plugins\elementor\includes\managers\image.php on line 113
[18-Mar-2026 21:21:12 UTC] PHP Warning:  Trying to access array offset on value of type bool in F:\xampp\htdocs\wp_c\businessdemo\wp-content\plugins\elementor\includes\managers\image.php on line 113
[18-Mar-2026 22:57:50 UTC] PHP Fatal error:  Allowed memory size of 536870912 bytes exhausted (tried to allocate 720896 bytes) in F:\xampp\htdocs\wp_c\businessdemo\wp-includes\class-wpdb.php on line 2322
[18-Mar-2026 22:57:58 UTC] PHP Fatal error:  Allowed memory size of 536870912 bytes exhausted (tried to allocate 720896 bytes) in F:\xampp\htdocs\wp_c\businessdemo\wp-includes\class-wpdb.php on line 2322
[18-Mar-2026 22:58:13 UTC] PHP Fatal error:  Allowed memory size of 536870912 bytes exhausted (tried to allocate 720896 bytes) in F:\xampp\htdocs\wp_c\businessdemo\wp-includes\class-wpdb.php on line 2322
[18-Mar-2026 22:59:47 UTC] PHP Fatal error:  Allowed memory size of 536870912 bytes exhausted (tried to allocate 720896 bytes) in F:\xampp\htdocs\wp_c\businessdemo\wp-includes\class-wpdb.php on line 2322
[18-Mar-2026 23:00:03 UTC] PHP Fatal error:  Allowed memory size of 536870912 bytes exhausted (tried to allocate 720896 bytes) in F:\xampp\htdocs\wp_c\businessdemo\wp-includes\class-wpdb.php on line 2322
[18-Mar-2026 23:05:40 UTC] PHP Fatal error:  Allowed memory size of 536870912 bytes exhausted (tried to allocate 720896 bytes) in F:\xampp\htdocs\wp_c\businessdemo\wp-includes\class-wpdb.php on line 2322
[18-Mar-2026 23:06:04 UTC] PHP Fatal error:  Allowed memory size of 536870912 bytes exhausted (tried to allocate 720896 bytes) in F:\xampp\htdocs\wp_c\businessdemo\wp-includes\class-wpdb.php on line 2322
[18-Mar-2026 23:06:45 UTC] PHP Fatal error:  Allowed memory size of 536870912 bytes exhausted (tried to allocate 720896 bytes) in F:\xampp\htdocs\wp_c\businessdemo\wp-includes\class-wpdb.php on line 2322
[18-Mar-2026 23:10:33 UTC] PHP Fatal error:  Allowed memory size of 536870912 bytes exhausted (tried to allocate 720896 bytes) in F:\xampp\htdocs\wp_c\businessdemo\wp-includes\class-wpdb.php on line 2322
[18-Mar-2026 23:11:00 UTC] PHP Fatal error:  Allowed memory size of 536870912 bytes exhausted (tried to allocate 720896 bytes) in F:\xampp\htdocs\wp_c\businessdemo\wp-includes\class-wpdb.php on line 2322
[18-Mar-2026 23:11:48 UTC] PHP Fatal error:  Allowed memory size of 536870912 bytes exhausted (tried to allocate 720896 bytes) in F:\xampp\htdocs\wp_c\businessdemo\wp-includes\class-wpdb.php on line 2322
[18-Mar-2026 23:12:05 UTC] PHP Fatal error:  Allowed memory size of 536870912 bytes exhausted (tried to allocate 720896 bytes) in F:\xampp\htdocs\wp_c\businessdemo\wp-includes\class-wpdb.php on line 2322
[18-Mar-2026 23:12:21 UTC] PHP Fatal error:  Allowed memory size of 536870912 bytes exhausted (tried to allocate 720896 bytes) in F:\xampp\htdocs\wp_c\businessdemo\wp-includes\class-wpdb.php on line 2322
[18-Mar-2026 23:13:56 UTC] PHP Fatal error:  Allowed memory size of 536870912 bytes exhausted (tried to allocate 720896 bytes) in F:\xampp\htdocs\wp_c\businessdemo\wp-includes\class-wpdb.php on line 2322
[19-Mar-2026 21:16:09 UTC] Automatic updates starting...
[19-Mar-2026 21:16:10 UTC]   Automatic plugin updates starting...
[19-Mar-2026 21:16:10 UTC]   Automatic plugin updates complete.
[19-Mar-2026 21:16:12 UTC]   Automatic theme updates starting...
[19-Mar-2026 21:16:12 UTC]   Automatic theme updates complete.
[19-Mar-2026 21:16:12 UTC] Automatic updates complete.
[19-Mar-2026 21:19:39 UTC] PHP Fatal error:  Maximum execution time of 120 seconds exceeded in F:\xampp\htdocs\wp_c\businessdemo\wp-content\plugins\pro-elements\modules\carousel\widgets\base.php on line 11
[19-Mar-2026 22:45:52 UTC] PHP Fatal error:  Allowed memory size of 536870912 bytes exhausted (tried to allocate 512000 bytes) in F:\xampp\htdocs\wp_c\businessdemo\wp-includes\class-wpdb.php on line 2322
[19-Mar-2026 22:46:05 UTC] PHP Fatal error:  Allowed memory size of 536870912 bytes exhausted (tried to allocate 204800 bytes) in F:\xampp\htdocs\wp_c\businessdemo\wp-includes\class-wpdb.php on line 2322
[19-Mar-2026 22:49:39 UTC] PHP Fatal error:  Allowed memory size of 536870912 bytes exhausted (tried to allocate 204800 bytes) in F:\xampp\htdocs\wp_c\businessdemo\wp-includes\class-wpdb.php on line 2322
[19-Mar-2026 22:59:41 UTC] PHP Fatal error:  Allowed memory size of 536870912 bytes exhausted (tried to allocate 512000 bytes) in F:\xampp\htdocs\wp_c\businessdemo\wp-includes\class-wpdb.php on line 2322
[19-Mar-2026 22:59:53 UTC] PHP Fatal error:  Allowed memory size of 536870912 bytes exhausted (tried to allocate 512000 bytes) in F:\xampp\htdocs\wp_c\businessdemo\wp-includes\class-wpdb.php on line 2322
[19-Mar-2026 23:07:39 UTC] PHP Fatal error:  Allowed memory size of 536870912 bytes exhausted (tried to allocate 512000 bytes) in F:\xampp\htdocs\wp_c\businessdemo\wp-includes\class-wpdb.php on line 2322
[19-Mar-2026 23:07:47 UTC] PHP Fatal error:  Allowed memory size of 536870912 bytes exhausted (tried to allocate 512000 bytes) in F:\xampp\htdocs\wp_c\businessdemo\wp-includes\class-wpdb.php on line 2322
[19-Mar-2026 23:10:33 UTC] PHP Warning:  mysqli_real_connect(): (HY000/2002): No connection could be made because the target machine actively refused it in F:\xampp\htdocs\wp_c\businessdemo\wp-includes\class-wpdb.php on line 1988
[19-Mar-2026 23:10:33 UTC] PHP Warning:  mysqli_real_connect(): (HY000/2002): No connection could be made because the target machine actively refused it in F:\xampp\htdocs\wp_c\businessdemo\wp-includes\class-wpdb.php on line 1988
[19-Mar-2026 23:10:41 UTC] PHP Warning:  mysqli_real_connect(): (HY000/2002): No connection could be made because the target machine actively refused it in F:\xampp\htdocs\wp_c\businessdemo\wp-includes\class-wpdb.php on line 1988
[19-Mar-2026 23:11:03 UTC] PHP Fatal error:  Allowed memory size of 536870912 bytes exhausted (tried to allocate 512000 bytes) in F:\xampp\htdocs\wp_c\businessdemo\wp-includes\class-wpdb.php on line 2322
[19-Mar-2026 23:11:59 UTC] PHP Fatal error:  Allowed memory size of 536870912 bytes exhausted (tried to allocate 512000 bytes) in F:\xampp\htdocs\wp_c\businessdemo\wp-includes\class-wpdb.php on line 2322
[19-Mar-2026 23:12:06 UTC] PHP Fatal error:  Allowed memory size of 536870912 bytes exhausted (tried to allocate 512000 bytes) in F:\xampp\htdocs\wp_c\businessdemo\wp-includes\class-wpdb.php on line 2322
[19-Mar-2026 23:13:52 UTC] PHP Fatal error:  Allowed memory size of 536870912 bytes exhausted (tried to allocate 512000 bytes) in F:\xampp\htdocs\wp_c\businessdemo\wp-includes\class-wpdb.php on line 2322
[20-Mar-2026 15:58:23 UTC] Automatic updates starting...
[20-Mar-2026 15:58:24 UTC]   Automatic plugin updates starting...
[20-Mar-2026 15:58:24 UTC]   Automatic plugin updates complete.
[20-Mar-2026 15:58:26 UTC]   Automatic theme updates starting...
[20-Mar-2026 15:58:26 UTC]   Automatic theme updates complete.
[20-Mar-2026 15:58:26 UTC] Automatic updates complete.
[20-Mar-2026 16:01:22 UTC] PHP Fatal error:  Allowed memory size of 536870912 bytes exhausted (tried to allocate 512000 bytes) in F:\xampp\htdocs\wp_c\businessdemo\wp-includes\class-wpdb.php on line 2322
[20-Mar-2026 16:04:56 UTC] PHP Fatal error:  Maximum execution time of 120 seconds exceeded in F:\xampp\htdocs\wp_c\businessdemo\wp-admin\includes\deprecated.php on line 332
[20-Mar-2026 16:05:08 UTC] PHP Fatal error:  Allowed memory size of 536870912 bytes exhausted (tried to allocate 512000 bytes) in F:\xampp\htdocs\wp_c\businessdemo\wp-includes\class-wpdb.php on line 2322
[21-Mar-2026 19:46:21 UTC] Automatic updates starting...
[21-Mar-2026 19:46:22 UTC]   Automatic plugin updates starting...
[21-Mar-2026 19:46:22 UTC]   Automatic plugin updates complete.
[21-Mar-2026 19:46:23 UTC]   Automatic theme updates starting...
[21-Mar-2026 19:46:23 UTC]   Automatic theme updates complete.
[21-Mar-2026 19:46:23 UTC] Automatic updates complete.
[22-Mar-2026 22:41:47 UTC] Automatic updates starting...
[22-Mar-2026 22:41:49 UTC]   Automatic plugin updates starting...
[22-Mar-2026 22:41:49 UTC]   Automatic plugin updates complete.
[22-Mar-2026 22:41:50 UTC]   Automatic theme updates starting...
[22-Mar-2026 22:41:50 UTC]   Automatic theme updates complete.
[22-Mar-2026 22:41:50 UTC] Automatic updates complete.
[23-Mar-2026 01:43:58 UTC] PHP Fatal error:  Maximum execution time of 120 seconds exceeded in F:\xampp\htdocs\wp_c\businessdemo\wp-content\plugins\elementskit-lite\widgets\post-tab\post-tab.php on line 7
[23-Mar-2026 01:44:01 UTC] PHP Fatal error:  Maximum execution time of 120 seconds exceeded in F:\xampp\htdocs\wp_c\businessdemo\wp-content\plugins\elementskit-lite\widgets\mail-chimp\mail-chimp.php on line 7
[23-Mar-2026 02:25:17 UTC] Automatic updates starting...
[23-Mar-2026 02:25:18 UTC]   Automatic plugin updates starting...
[23-Mar-2026 02:25:18 UTC]   Automatic plugin updates complete.
[23-Mar-2026 02:25:19 UTC]   Automatic theme updates starting...
[23-Mar-2026 02:25:19 UTC]   Automatic theme updates complete.
[23-Mar-2026 02:25:19 UTC] Automatic updates complete.
[25-Mar-2026 18:16:51 UTC] PHP Fatal error:  Maximum execution time of 120 seconds exceeded in F:\xampp\htdocs\wp_c\businessdemo\wp-admin\includes\deprecated.php on line 332
[25-Mar-2026 18:16:53 UTC] Automatic updates starting...
[25-Mar-2026 18:16:55 UTC]   Automatic plugin updates starting...
[25-Mar-2026 18:16:55 UTC]   Automatic plugin updates complete.
[25-Mar-2026 18:16:57 UTC]   Automatic theme updates starting...
[25-Mar-2026 18:16:57 UTC]   Automatic theme updates complete.
[25-Mar-2026 18:16:57 UTC] Automatic updates complete.
[26-Mar-2026 00:36:45 UTC] PHP Warning:  Trying to access array offset on value of type bool in F:\xampp\htdocs\wp_c\businessdemo\wp-content\plugins\elementor\includes\managers\image.php on line 113
[26-Mar-2026 00:36:45 UTC] PHP Warning:  Trying to access array offset on value of type bool in F:\xampp\htdocs\wp_c\businessdemo\wp-content\plugins\elementor\includes\managers\image.php on line 113
[26-Mar-2026 00:36:45 UTC] PHP Warning:  Trying to access array offset on value of type bool in F:\xampp\htdocs\wp_c\businessdemo\wp-content\plugins\elementor\includes\managers\image.php on line 113
[26-Mar-2026 00:36:45 UTC] PHP Warning:  Trying to access array offset on value of type bool in F:\xampp\htdocs\wp_c\businessdemo\wp-content\plugins\elementor\includes\managers\image.php on line 113
[26-Mar-2026 00:36:45 UTC] PHP Warning:  Trying to access array offset on value of type bool in F:\xampp\htdocs\wp_c\businessdemo\wp-content\plugins\elementor\includes\managers\image.php on line 113
[26-Mar-2026 00:36:45 UTC] PHP Warning:  Trying to access array offset on value of type bool in F:\xampp\htdocs\wp_c\businessdemo\wp-content\plugins\elementor\includes\managers\image.php on line 113
[26-Mar-2026 00:36:45 UTC] PHP Warning:  Trying to access array offset on value of type bool in F:\xampp\htdocs\wp_c\businessdemo\wp-content\plugins\elementor\includes\managers\image.php on line 113
[26-Mar-2026 00:36:45 UTC] PHP Warning:  Trying to access array offset on value of type bool in F:\xampp\htdocs\wp_c\businessdemo\wp-content\plugins\elementor\includes\managers\image.php on line 113
[26-Mar-2026 02:23:44 UTC] Automatic updates starting...
[26-Mar-2026 02:23:45 UTC]   Automatic plugin updates starting...
[26-Mar-2026 02:23:45 UTC]   Automatic plugin updates complete.
[26-Mar-2026 02:23:46 UTC]   Automatic theme updates starting...
[26-Mar-2026 02:23:46 UTC]   Automatic theme updates complete.
[26-Mar-2026 02:23:46 UTC] Automatic updates complete.
[26-Mar-2026 22:07:04 UTC] Automatic updates starting...
[26-Mar-2026 22:07:06 UTC]   Automatic plugin updates starting...
[26-Mar-2026 22:07:06 UTC]   Automatic plugin updates complete.
[26-Mar-2026 22:07:07 UTC]   Automatic theme updates starting...
[26-Mar-2026 22:07:07 UTC]   Automatic theme updates complete.
[26-Mar-2026 22:07:07 UTC] Automatic updates complete.
[26-Mar-2026 22:09:49 UTC] PHP Warning:  Trying to access array offset on value of type bool in F:\xampp\htdocs\wp_c\businessdemo\wp-content\plugins\elementor\includes\managers\image.php on line 113
[26-Mar-2026 22:09:49 UTC] PHP Warning:  Trying to access array offset on value of type bool in F:\xampp\htdocs\wp_c\businessdemo\wp-content\plugins\elementor\includes\managers\image.php on line 113
[26-Mar-2026 22:09:49 UTC] PHP Warning:  Trying to access array offset on value of type bool in F:\xampp\htdocs\wp_c\businessdemo\wp-content\plugins\elementor\includes\managers\image.php on line 113
[26-Mar-2026 22:09:49 UTC] PHP Warning:  Trying to access array offset on value of type bool in F:\xampp\htdocs\wp_c\businessdemo\wp-content\plugins\elementor\includes\managers\image.php on line 113
[26-Mar-2026 22:09:49 UTC] PHP Warning:  Trying to access array offset on value of type bool in F:\xampp\htdocs\wp_c\businessdemo\wp-content\plugins\elementor\includes\managers\image.php on line 113
[26-Mar-2026 22:09:49 UTC] PHP Warning:  Trying to access array offset on value of type bool in F:\xampp\htdocs\wp_c\businessdemo\wp-content\plugins\elementor\includes\managers\image.php on line 113
[26-Mar-2026 22:09:49 UTC] PHP Warning:  Trying to access array offset on value of type bool in F:\xampp\htdocs\wp_c\businessdemo\wp-content\plugins\elementor\includes\managers\image.php on line 113
[26-Mar-2026 22:09:49 UTC] PHP Warning:  Trying to access array offset on value of type bool in F:\xampp\htdocs\wp_c\businessdemo\wp-content\plugins\elementor\includes\managers\image.php on line 113
[04-Apr-2026 23:13:31 UTC] PHP Warning:  wp_version_check(): An unexpected error occurred. Something may be wrong with WordPress.org or this server&#8217;s configuration. If you continue to have problems, please try the <a href="https://wordpress.org/support/forums/">support forums</a>. (WordPress could not establish a secure connection to WordPress.org. Please contact your server administrator.) in F:\xampp\htdocs\wp_c\businessdemo\wp-includes\functions.php on line 6121
[04-Apr-2026 23:13:31 UTC] PHP Warning:  wp_update_plugins(): An unexpected error occurred. Something may be wrong with WordPress.org or this server&#8217;s configuration. If you continue to have problems, please try the <a href="https://wordpress.org/support/forums/">support forums</a>. (WordPress could not establish a secure connection to WordPress.org. Please contact your server administrator.) in F:\xampp\htdocs\wp_c\businessdemo\wp-includes\functions.php on line 6121
[04-Apr-2026 23:13:31 UTC] PHP Warning:  wp_update_themes(): An unexpected error occurred. Something may be wrong with WordPress.org or this server&#8217;s configuration. If you continue to have problems, please try the <a href="https://wordpress.org/support/forums/">support forums</a>. (WordPress could not establish a secure connection to WordPress.org. Please contact your server administrator.) in F:\xampp\htdocs\wp_c\businessdemo\wp-includes\functions.php on line 6121
[04-Apr-2026 23:13:34 UTC] PHP Warning:  get_core_checksums(): An unexpected error occurred. Something may be wrong with WordPress.org or this server&#8217;s configuration. If you continue to have problems, please try the <a href="https://wordpress.org/support/forums/">support forums</a>. (WordPress could not establish a secure connection to WordPress.org. Please contact your server administrator.) in F:\xampp\htdocs\wp_c\businessdemo\wp-includes\functions.php on line 6121
[07-Apr-2026 17:49:49 UTC] PHP Fatal error:  Maximum execution time of 120 seconds exceeded in F:\xampp\htdocs\wp_c\businessdemo\wp-content\plugins\elementskit-lite\widgets\mail-chimp\mail-chimp.php on line 7
[09-Apr-2026 18:34:44 UTC] Automatic updates starting...
[09-Apr-2026 18:34:45 UTC]   Automatic plugin updates starting...
[09-Apr-2026 18:34:45 UTC]   Automatic plugin updates complete.
[09-Apr-2026 18:34:46 UTC]   Automatic theme updates starting...
[09-Apr-2026 18:34:46 UTC]   Automatic theme updates complete.
[09-Apr-2026 18:34:46 UTC] Automatic updates complete.
[12-Apr-2026 22:18:27 UTC] PHP Warning:  wp_version_check(): An unexpected error occurred. Something may be wrong with WordPress.org or this server&#8217;s configuration. If you continue to have problems, please try the <a href="https://wordpress.org/support/forums/">support forums</a>. (WordPress could not establish a secure connection to WordPress.org. Please contact your server administrator.) in F:\xampp\htdocs\wp_c\businessdemo\wp-includes\functions.php on line 6121
[12-Apr-2026 22:18:28 UTC] PHP Warning:  wp_update_plugins(): An unexpected error occurred. Something may be wrong with WordPress.org or this server&#8217;s configuration. If you continue to have problems, please try the <a href="https://wordpress.org/support/forums/">support forums</a>. (WordPress could not establish a secure connection to WordPress.org. Please contact your server administrator.) in F:\xampp\htdocs\wp_c\businessdemo\wp-includes\functions.php on line 6121
[12-Apr-2026 22:18:28 UTC] PHP Warning:  wp_update_themes(): An unexpected error occurred. Something may be wrong with WordPress.org or this server&#8217;s configuration. If you continue to have problems, please try the <a href="https://wordpress.org/support/forums/">support forums</a>. (WordPress could not establish a secure connection to WordPress.org. Please contact your server administrator.) in F:\xampp\htdocs\wp_c\businessdemo\wp-includes\functions.php on line 6121
[14-Apr-2026 20:26:32 UTC] PHP Warning:  wp_version_check(): An unexpected error occurred. Something may be wrong with WordPress.org or this server&#8217;s configuration. If you continue to have problems, please try the <a href="https://wordpress.org/support/forums/">support forums</a>. (WordPress could not establish a secure connection to WordPress.org. Please contact your server administrator.) in F:\xampp\htdocs\wp_c\businessdemo\wp-includes\functions.php on line 6121
[14-Apr-2026 20:26:32 UTC] PHP Warning:  wp_update_plugins(): An unexpected error occurred. Something may be wrong with WordPress.org or this server&#8217;s configuration. If you continue to have problems, please try the <a href="https://wordpress.org/support/forums/">support forums</a>. (WordPress could not establish a secure connection to WordPress.org. Please contact your server administrator.) in F:\xampp\htdocs\wp_c\businessdemo\wp-includes\functions.php on line 6121
[14-Apr-2026 20:26:32 UTC] PHP Warning:  wp_update_themes(): An unexpected error occurred. Something may be wrong with WordPress.org or this server&#8217;s configuration. If you continue to have problems, please try the <a href="https://wordpress.org/support/forums/">support forums</a>. (WordPress could not establish a secure connection to WordPress.org. Please contact your server administrator.) in F:\xampp\htdocs\wp_c\businessdemo\wp-includes\functions.php on line 6121
[14-Apr-2026 20:34:57 UTC] PHP Warning:  plugins_api(): An unexpected error occurred. Something may be wrong with WordPress.org or this server&#8217;s configuration. If you continue to have problems, please try the <a href="https://wordpress.org/support/forums/">support forums</a>. (WordPress could not establish a secure connection to WordPress.org. Please contact your server administrator.) in F:\xampp\htdocs\wp_c\businessdemo\wp-includes\functions.php on line 6121
[14-Apr-2026 23:57:33 UTC] PHP Warning:  Trying to access array offset on value of type bool in F:\xampp\htdocs\wp_c\businessdemo\wp-content\plugins\elementor\includes\managers\image.php on line 113
[14-Apr-2026 23:57:33 UTC] PHP Warning:  Trying to access array offset on value of type bool in F:\xampp\htdocs\wp_c\businessdemo\wp-content\plugins\elementor\includes\managers\image.php on line 113
[14-Apr-2026 23:57:33 UTC] PHP Warning:  Trying to access array offset on value of type bool in F:\xampp\htdocs\wp_c\businessdemo\wp-content\plugins\elementor\includes\managers\image.php on line 113
[14-Apr-2026 23:57:33 UTC] PHP Warning:  Trying to access array offset on value of type bool in F:\xampp\htdocs\wp_c\businessdemo\wp-content\plugins\elementor\includes\managers\image.php on line 113
[14-Apr-2026 23:57:33 UTC] PHP Warning:  Trying to access array offset on value of type bool in F:\xampp\htdocs\wp_c\businessdemo\wp-content\plugins\elementor\includes\managers\image.php on line 113
[14-Apr-2026 23:57:33 UTC] PHP Warning:  Trying to access array offset on value of type bool in F:\xampp\htdocs\wp_c\businessdemo\wp-content\plugins\elementor\includes\managers\image.php on line 113
[14-Apr-2026 23:57:33 UTC] PHP Warning:  Trying to access array offset on value of type bool in F:\xampp\htdocs\wp_c\businessdemo\wp-content\plugins\elementor\includes\managers\image.php on line 113
[14-Apr-2026 23:57:33 UTC] PHP Warning:  Trying to access array offset on value of type bool in F:\xampp\htdocs\wp_c\businessdemo\wp-content\plugins\elementor\includes\managers\image.php on line 113
[15-Apr-2026 18:05:38 UTC] PHP Warning:  get_core_checksums(): An unexpected error occurred. Something may be wrong with WordPress.org or this server&#8217;s configuration. If you continue to have problems, please try the <a href="https://wordpress.org/support/forums/">support forums</a>. (WordPress could not establish a secure connection to WordPress.org. Please contact your server administrator.) in F:\xampp\htdocs\wp_c\businessdemo\wp-includes\functions.php on line 6121
[15-Apr-2026 18:05:44 UTC] PHP Warning:  wp_version_check(): An unexpected error occurred. Something may be wrong with WordPress.org or this server&#8217;s configuration. If you continue to have problems, please try the <a href="https://wordpress.org/support/forums/">support forums</a>. (WordPress could not establish a secure connection to WordPress.org. Please contact your server administrator.) in F:\xampp\htdocs\wp_c\businessdemo\wp-includes\functions.php on line 6121
[15-Apr-2026 18:05:44 UTC] PHP Warning:  wp_update_plugins(): An unexpected error occurred. Something may be wrong with WordPress.org or this server&#8217;s configuration. If you continue to have problems, please try the <a href="https://wordpress.org/support/forums/">support forums</a>. (WordPress could not establish a secure connection to WordPress.org. Please contact your server administrator.) in F:\xampp\htdocs\wp_c\businessdemo\wp-includes\functions.php on line 6121
[15-Apr-2026 18:05:44 UTC] PHP Warning:  wp_update_themes(): An unexpected error occurred. Something may be wrong with WordPress.org or this server&#8217;s configuration. If you continue to have problems, please try the <a href="https://wordpress.org/support/forums/">support forums</a>. (WordPress could not establish a secure connection to WordPress.org. Please contact your server administrator.) in F:\xampp\htdocs\wp_c\businessdemo\wp-includes\functions.php on line 6121
[15-Apr-2026 18:21:01 UTC] PHP Warning:  Trying to access array offset on value of type bool in F:\xampp\htdocs\wp_c\businessdemo\wp-content\plugins\elementor\includes\managers\image.php on line 113
[15-Apr-2026 18:21:01 UTC] PHP Warning:  Trying to access array offset on value of type bool in F:\xampp\htdocs\wp_c\businessdemo\wp-content\plugins\elementor\includes\managers\image.php on line 113
[15-Apr-2026 18:21:02 UTC] PHP Warning:  Trying to access array offset on value of type bool in F:\xampp\htdocs\wp_c\businessdemo\wp-content\plugins\elementor\includes\managers\image.php on line 113
[15-Apr-2026 18:21:02 UTC] PHP Warning:  Trying to access array offset on value of type bool in F:\xampp\htdocs\wp_c\businessdemo\wp-content\plugins\elementor\includes\managers\image.php on line 113
[15-Apr-2026 18:21:02 UTC] PHP Warning:  Trying to access array offset on value of type bool in F:\xampp\htdocs\wp_c\businessdemo\wp-content\plugins\elementor\includes\managers\image.php on line 113
[15-Apr-2026 18:21:02 UTC] PHP Warning:  Trying to access array offset on value of type bool in F:\xampp\htdocs\wp_c\businessdemo\wp-content\plugins\elementor\includes\managers\image.php on line 113
[15-Apr-2026 18:21:02 UTC] PHP Warning:  Trying to access array offset on value of type bool in F:\xampp\htdocs\wp_c\businessdemo\wp-content\plugins\elementor\includes\managers\image.php on line 113
[15-Apr-2026 18:21:02 UTC] PHP Warning:  Trying to access array offset on value of type bool in F:\xampp\htdocs\wp_c\businessdemo\wp-content\plugins\elementor\includes\managers\image.php on line 113
[15-Apr-2026 18:36:37 UTC] PHP Warning:  Trying to access array offset on value of type bool in F:\xampp\htdocs\wp_c\businessdemo\wp-content\plugins\elementor\includes\managers\image.php on line 113
[15-Apr-2026 18:36:37 UTC] PHP Warning:  Trying to access array offset on value of type bool in F:\xampp\htdocs\wp_c\businessdemo\wp-content\plugins\elementor\includes\managers\image.php on line 113
[15-Apr-2026 18:36:37 UTC] PHP Warning:  Trying to access array offset on value of type bool in F:\xampp\htdocs\wp_c\businessdemo\wp-content\plugins\elementor\includes\managers\image.php on line 113
[15-Apr-2026 18:36:37 UTC] PHP Warning:  Trying to access array offset on value of type bool in F:\xampp\htdocs\wp_c\businessdemo\wp-content\plugins\elementor\includes\managers\image.php on line 113
[15-Apr-2026 18:36:37 UTC] PHP Warning:  Trying to access array offset on value of type bool in F:\xampp\htdocs\wp_c\businessdemo\wp-content\plugins\elementor\includes\managers\image.php on line 113
[15-Apr-2026 18:36:37 UTC] PHP Warning:  Trying to access array offset on value of type bool in F:\xampp\htdocs\wp_c\businessdemo\wp-content\plugins\elementor\includes\managers\image.php on line 113
[15-Apr-2026 18:36:37 UTC] PHP Warning:  Trying to access array offset on value of type bool in F:\xampp\htdocs\wp_c\businessdemo\wp-content\plugins\elementor\includes\managers\image.php on line 113
[15-Apr-2026 18:36:37 UTC] PHP Warning:  Trying to access array offset on value of type bool in F:\xampp\htdocs\wp_c\businessdemo\wp-content\plugins\elementor\includes\managers\image.php on line 113
[16-Apr-2026 02:23:24 UTC] Automatic updates starting...
[16-Apr-2026 02:23:25 UTC]   Automatic plugin updates starting...
[16-Apr-2026 02:23:25 UTC]   Automatic plugin updates complete.
[16-Apr-2026 02:23:27 UTC]   Automatic theme updates starting...
[16-Apr-2026 02:23:27 UTC]   Automatic theme updates complete.
[16-Apr-2026 02:23:27 UTC] Automatic updates complete.
[18-Apr-2026 04:47:49 UTC] Automatic updates starting...
[18-Apr-2026 04:47:50 UTC]   Automatic plugin updates starting...
[18-Apr-2026 04:47:50 UTC]   Automatic plugin updates complete.
[18-Apr-2026 04:47:51 UTC]   Automatic theme updates starting...
[18-Apr-2026 04:47:51 UTC]   Automatic theme updates complete.
[18-Apr-2026 04:47:51 UTC] Automatic updates complete.
[23-Apr-2026 18:17:03 UTC] Automatic updates starting...
[23-Apr-2026 18:17:04 UTC]   Automatic plugin updates starting...
[23-Apr-2026 18:17:04 UTC]   Automatic plugin updates complete.
[23-Apr-2026 18:17:07 UTC]   Automatic theme updates starting...
[23-Apr-2026 18:17:07 UTC]   Automatic theme updates complete.
[23-Apr-2026 18:17:07 UTC] Automatic updates complete.
[24-Apr-2026 17:37:34 UTC] PHP Fatal error:  Maximum execution time of 120 seconds exceeded in F:\xampp\htdocs\wp_c\businessdemo\wp-content\plugins\elementskit-lite\core\build-inline-scripts.php on line 4
[24-Apr-2026 17:48:12 UTC] Automatic updates starting...
[24-Apr-2026 17:48:14 UTC]   Automatic plugin updates starting...
[24-Apr-2026 17:48:14 UTC]   Automatic plugin updates complete.
[24-Apr-2026 17:48:16 UTC]   Automatic theme updates starting...
[24-Apr-2026 17:48:16 UTC]   Automatic theme updates complete.
[24-Apr-2026 17:48:16 UTC] Automatic updates complete.
[24-Apr-2026 17:48:18 UTC] PHP Warning:  wp_update_themes(): An unexpected error occurred. Something may be wrong with WordPress.org or this server&#8217;s configuration. If you continue to have problems, please try the <a href="https://wordpress.org/support/forums/">support forums</a>. (WordPress could not establish a secure connection to WordPress.org. Please contact your server administrator.) in F:\xampp\htdocs\wp_c\businessdemo\wp-includes\functions.php on line 6121
[25-Apr-2026 03:25:06 UTC] Automatic updates starting...
[25-Apr-2026 03:25:07 UTC]   Automatic plugin updates starting...
[25-Apr-2026 03:25:08 UTC]   Automatic plugin updates complete.
[25-Apr-2026 03:25:09 UTC]   Automatic theme updates starting...
[25-Apr-2026 03:25:09 UTC]   Automatic theme updates complete.
[25-Apr-2026 03:25:09 UTC] Automatic updates complete.
[25-Apr-2026 19:37:32 UTC] Automatic updates starting...
[25-Apr-2026 19:37:34 UTC]   Automatic plugin updates starting...
[25-Apr-2026 19:37:34 UTC]   Automatic plugin updates complete.
[25-Apr-2026 19:37:35 UTC]   Automatic theme updates starting...
[25-Apr-2026 19:37:35 UTC]   Automatic theme updates complete.
[25-Apr-2026 19:37:35 UTC] Automatic updates complete.
[27-Apr-2026 07:13:38 UTC] Automatic updates starting...
[27-Apr-2026 07:13:40 UTC]   Automatic plugin updates starting...
[27-Apr-2026 07:13:40 UTC]   Automatic plugin updates complete.
[27-Apr-2026 07:13:41 UTC]   Automatic theme updates starting...
[27-Apr-2026 07:13:41 UTC]   Automatic theme updates complete.
[27-Apr-2026 07:13:41 UTC] Automatic updates complete.
[29-Apr-2026 02:32:09 UTC] Automatic updates starting...
[29-Apr-2026 02:32:10 UTC]   Automatic plugin updates starting...
[29-Apr-2026 02:32:10 UTC]   Automatic plugin updates complete.
[29-Apr-2026 02:32:12 UTC]   Automatic theme updates starting...
[29-Apr-2026 02:32:12 UTC]   Automatic theme updates complete.
[29-Apr-2026 02:32:12 UTC] Automatic updates complete.
[29-Apr-2026 21:11:20 UTC] Automatic updates starting...
[29-Apr-2026 21:11:21 UTC]   Automatic plugin updates starting...
[29-Apr-2026 21:11:21 UTC]   Automatic plugin updates complete.
[29-Apr-2026 21:11:23 UTC]   Automatic theme updates starting...
[29-Apr-2026 21:11:23 UTC]   Automatic theme updates complete.
[29-Apr-2026 21:11:23 UTC] Automatic updates complete.
[01-May-2026 18:44:52 UTC] Automatic updates starting...
[01-May-2026 18:44:53 UTC]   Automatic plugin updates starting...
[01-May-2026 18:44:53 UTC]   Automatic plugin updates complete.
[01-May-2026 18:44:55 UTC]   Automatic theme updates starting...
[01-May-2026 18:44:55 UTC]   Automatic theme updates complete.
[01-May-2026 18:44:55 UTC] Automatic updates complete.
[02-May-2026 03:08:59 UTC] Automatic updates starting...
[02-May-2026 03:09:00 UTC]   Automatic plugin updates starting...
[02-May-2026 03:09:00 UTC]   Automatic plugin updates complete.
[02-May-2026 03:09:02 UTC]   Automatic theme updates starting...
[02-May-2026 03:09:02 UTC]   Automatic theme updates complete.
[02-May-2026 03:09:02 UTC] Automatic updates complete.
[02-May-2026 18:32:14 UTC] Automatic updates starting...
[02-May-2026 18:32:16 UTC]   Automatic plugin updates starting...
[02-May-2026 18:32:16 UTC]   Automatic plugin updates complete.
[02-May-2026 18:32:17 UTC]   Automatic theme updates starting...
[02-May-2026 18:32:17 UTC]   Automatic theme updates complete.
[02-May-2026 18:32:17 UTC] Automatic updates complete.
[03-May-2026 08:01:01 UTC] Automatic updates starting...
[03-May-2026 08:01:03 UTC]   Automatic plugin updates starting...
[03-May-2026 08:01:03 UTC]   Automatic plugin updates complete.
[03-May-2026 08:01:04 UTC]   Automatic theme updates starting...
[03-May-2026 08:01:04 UTC]   Automatic theme updates complete.
[03-May-2026 08:01:04 UTC] Automatic updates complete.
[04-May-2026 06:12:57 UTC] Automatic updates starting...
[04-May-2026 06:12:59 UTC]   Automatic plugin updates starting...
[04-May-2026 06:12:59 UTC]   Automatic plugin updates complete.
[04-May-2026 06:13:00 UTC]   Automatic theme updates starting...
[04-May-2026 06:13:00 UTC]   Automatic theme updates complete.
[04-May-2026 06:13:00 UTC] Automatic updates complete.
[04-May-2026 13:44:28 UTC] PHP Fatal error:  Maximum execution time of 120 seconds exceeded in F:\xampp\htdocs\wp_c\businessdemo\wp-content\plugins\pro-elements\modules\payments\widgets\paypal-button.php on line 11
[04-May-2026 18:27:02 UTC] Automatic updates starting...
[04-May-2026 18:27:04 UTC]   Automatic plugin updates starting...
[04-May-2026 18:27:04 UTC]   Automatic plugin updates complete.
[04-May-2026 18:27:05 UTC]   Automatic theme updates starting...
[04-May-2026 18:27:06 UTC]   Automatic theme updates complete.
[04-May-2026 18:27:06 UTC] Automatic updates complete.
[05-May-2026 02:55:30 UTC] Automatic updates starting...
[05-May-2026 02:55:31 UTC]   Automatic plugin updates starting...
[05-May-2026 02:55:31 UTC]   Automatic plugin updates complete.
[05-May-2026 02:55:32 UTC]   Automatic theme updates starting...
[05-May-2026 02:55:32 UTC]   Automatic theme updates complete.
[05-May-2026 02:55:32 UTC] Automatic updates complete.
[05-May-2026 18:08:44 UTC] Automatic updates starting...
[05-May-2026 18:08:45 UTC]   Automatic plugin updates starting...
[05-May-2026 18:08:45 UTC]   Automatic plugin updates complete.
[05-May-2026 18:08:46 UTC]   Automatic theme updates starting...
[05-May-2026 18:08:46 UTC]   Automatic theme updates complete.
[05-May-2026 18:08:46 UTC] Automatic updates complete.
[05-May-2026 18:08:50 UTC] PHP Fatal error:  Maximum execution time of 120 seconds exceeded in F:\xampp\htdocs\wp_c\businessdemo\wp-content\plugins\elementor\core\utils\assets-translation-loader.php on line 5
[06-May-2026 19:01:39 UTC] PHP Fatal error:  Maximum execution time of 120 seconds exceeded in F:\xampp\htdocs\wp_c\businessdemo\wp-includes\Requests\src\Response.php on line 100
[06-May-2026 19:01:39 UTC] PHP Fatal error:  Maximum execution time of 120 seconds exceeded in F:\xampp\htdocs\wp_c\businessdemo\wp-includes\Requests\src\Response.php on line 100
[06-May-2026 19:01:43 UTC] PHP Fatal error:  Maximum execution time of 120 seconds exceeded in F:\xampp\htdocs\wp_c\businessdemo\wp-content\plugins\pro-elements\modules\theme-builder\documents\theme-document.php on line 14
[06-May-2026 19:02:14 UTC] Automatic updates starting...
[06-May-2026 19:02:16 UTC]   Automatic plugin updates starting...
[06-May-2026 19:02:16 UTC]   Automatic plugin updates complete.
[06-May-2026 19:02:17 UTC]   Automatic theme updates starting...
[06-May-2026 19:02:17 UTC]   Automatic theme updates complete.
[06-May-2026 19:02:17 UTC] Automatic updates complete.
[07-May-2026 04:33:12 UTC] PHP Fatal error:  Maximum execution time of 120 seconds exceeded in F:\xampp\htdocs\wp_c\businessdemo\wp-includes\Requests\src\Transport\Curl.php on line 205
[07-May-2026 04:33:12 UTC] PHP Fatal error:  Maximum execution time of 120 seconds exceeded in F:\xampp\htdocs\wp_c\businessdemo\wp-includes\Requests\src\Transport\Curl.php on line 205
[07-May-2026 04:33:14 UTC] PHP Fatal error:  Maximum execution time of 120 seconds exceeded in F:\xampp\htdocs\wp_c\businessdemo\wp-content\plugins\elementor\core\document-types\page.php on line 7
[07-May-2026 04:33:16 UTC] PHP Fatal error:  Maximum execution time of 120 seconds exceeded in F:\xampp\htdocs\wp_c\businessdemo\wp-content\plugins\pro-elements\license\data\endpoints\get-tier-features.php on line 8
[07-May-2026 04:33:27 UTC] PHP Fatal error:  Maximum execution time of 120 seconds exceeded in F:\xampp\htdocs\wp_c\businessdemo\wp-admin\includes\class-wp-privacy-data-export-requests-list-table.php on line 10
[07-May-2026 04:33:33 UTC] Automatic updates starting...
[07-May-2026 04:33:35 UTC]   Automatic plugin updates starting...
[07-May-2026 04:33:35 UTC]   Automatic plugin updates complete.
[07-May-2026 04:33:36 UTC]   Automatic theme updates starting...
[07-May-2026 04:33:36 UTC]   Automatic theme updates complete.
[07-May-2026 04:33:36 UTC] Automatic updates complete.
[07-May-2026 18:41:17 UTC] Automatic updates starting...
[07-May-2026 18:41:18 UTC]   Automatic plugin updates starting...
[07-May-2026 18:41:18 UTC]   Automatic plugin updates complete.
[07-May-2026 18:41:19 UTC]   Automatic theme updates starting...
[07-May-2026 18:41:20 UTC]   Automatic theme updates complete.
[07-May-2026 18:41:20 UTC] Automatic updates complete.
